,symbol,recommendation
0,A,Strong Sell
0,KRNL,Strong Buy
0,KRP,Strong Buy
0,KROS,Strong Sell
0,KRON,Strong Sell
0,KRO,Strong Buy
0,KRNY,Strong Sell
0,KRNT,Strong Sell
0,KRNLU,Strong Buy
0,KRMD,Strong Buy
0,KRT,Strong Buy
0,KRKR,Strong Sell
0,KRG,Strong Sell
0,KREF,Strong Sell
0,KRC,Strong Sell
0,KR,Buy
0,KPTI,Strong Sell
0,KPRX,Strong Sell
0,KRRO,Strong Sell
0,KRUS,Sell
0,KWE,Strong Sell
0,KTN,Strong Buy
0,KVHI,Strong Sell
0,KURA,Strong Sell
0,KULR,Strong Buy
0,KUKE,Strong Buy
0,KTTA,Strong Buy
0,KTRA,Strong Buy
0,KTOS,Strong Sell
0,KTH,Strong Buy
0,KRYS,Strong Buy
0,KTF,Strong Buy
0,KTCC,Strong Buy
0,KTB,Strong Sell
0,KT,Strong Sell
0,KSS,Strong Sell
0,KSM,Strong Buy
0,KSCP,Strong Buy
0,KPLT,Strong Sell
0,KOSS,Strong Sell
0,KOS,Strong Sell
0,KKR,Strong Buy
0,KMDA,Strong Sell
0,KMB,Strong Sell
0,KLXE,Strong Sell
0,KLTR,Strong Buy
0,KLIC,Strong Sell
0,KLAC,Strong Sell
0,KKRS,Strong Sell
0,KITT,Strong Sell
0,KORE,Strong Sell
0,KIRK,Strong Sell
0,KIO,Strong Sell
0,KINS,Strong Sell
0,KIND,Strong Sell
0,KIM,Strong Sell
0,KIDS,Strong Sell
0,KHC,Strong Buy
0,KMI,Strong Buy
0,KMPB,Buy
0,KMPR,Strong Sell
0,KMT,Strong Sell
0,KOPN,Strong Sell
0,KOP,Strong Buy
0,KOF,Strong Sell
0,KODK,Strong Buy
0,KOD,Strong Sell
0,KO,Strong Sell
0,KNX,Strong Sell
0,KNW,Strong Buy
0,KNTK,Strong Sell
0,KNSL,Strong Sell
0,KNSA,Strong Sell
0,KNOP,Strong Sell
0,KNDI,Strong Sell
0,KN,Strong Sell
0,KMX,Strong Sell
0,KW,Strong Sell
0,KWR,Strong Sell
0,KGC,Strong Buy
0,LEA,Strong Sell
0,LEJU,Strong Sell
0,LEGN,Strong Sell
0,LEGH,Strong Buy
0,LEG,Strong Sell
0,LEE,Strong Sell
0,LEDS,Strong Sell
0,LECO,Strong Sell
0,LE,Strong Buy
0,LENZ,Strong Sell
0,LDTC,Strong Sell
0,LDP,Strong Sell
0,LDOS,Strong Sell
0,LDI,Strong Sell
0,LCW,Strong Sell
0,LCUT,Strong Buy
0,LCTX,Strong Sell
0,LEN,Strong Sell
0,LEO,Strong Sell
0,KXIN,Strong Sell
0,LFST,Strong Buy
0,LGIH,Strong Sell
0,LGI,Strong Sell
0,LGHL,Strong Sell
0,LFWD,Strong Buy
0,LFVN,Strong Sell
0,LFUS,Strong Sell
0,LFT,Strong Sell
0,LFMDP,Strong Sell
0,LESL,Strong Sell
0,LFMD,Strong Sell
0,LFLY,Strong Buy
0,LFCR,Strong Buy
0,LEXX,Strong Sell
0,LEVI,Strong Buy
0,LEV,Strong Sell
0,LEU,Strong Buy
0,LCNB,Strong Sell
0,LCII,Strong Sell
0,LCID,Strong Sell
0,LAD,Strong Sell
0,LANDO,Strong Buy
0,LANDM,Strong Buy
0,LAND,Strong Sell
0,LANC,Strong Sell
0,LAMR,Strong Sell
0,LAKE,Strong Buy
0,LADR,Strong Sell
0,LABP,Strong Buy
0,LCFY,Strong Sell
0,LAB,Strong Buy
0,LAAC,Strong Sell
0,L,Strong Sell
0,KZR,Strong Sell
0,KZIA,Strong Buy
0,KYN,Strong Sell
0,KYMR,Strong Sell
0,LANV,Buy
0,LARK,Strong Sell
0,LASE,Strong Sell
0,LASR,Strong Sell
0,LC,Strong Sell
0,LBTYK,Strong Buy
0,LBTYB,Strong Sell
0,LBTYA,Strong Buy
0,LBRT,Strong Buy
0,LBRDP,Strong Buy
0,LBRDK,Strong Sell
0,LBRDA,Strong Sell
0,LBPH,Strong Sell
0,LBAI,Strong Sell
0,LAZR,Strong Buy
0,LAZ,Strong Buy
0,LAW,Strong Buy
0,LAUR,Strong Buy
0,LATG,Strong Buy
0,KGEI,Strong Buy
0,KFY,Strong Sell
0,LGMK,Strong Sell
0,IVT,Strong Sell
0,IZM,Strong Buy
0,IZEA,Strong Buy
0,IXHL,Strong Sell
0,IXAQ,Strong Buy
0,IX,Strong Sell
0,IVZ,Strong Buy
0,IVVD,Strong Sell
0,IVR,Strong Sell
0,JACK,Strong Sell
0,IVDA,Strong Sell
0,IVCP,Strong Buy
0,IVCB,Strong Buy
0,IVCA,Strong Buy
0,IVAC,Strong Sell
0,IVA,Strong Buy
0,ITW,Strong Sell
0,J,Strong Sell
0,JAGX,Strong Buy
0,JELD,Strong Buy
0,JBLU,Strong Sell
0,JD,Strong Sell
0,JCTCF,Strong Sell
0,JCSE,Strong Sell
0,JCI,Strong Buy
0,JCE,Strong Buy
0,JBT,Strong Sell
0,JBSS,Strong Sell
0,JBL,Strong Buy
0,JAKK,Strong Sell
0,JBI,Strong Sell
0,JBHT,Strong Sell
0,JBGS,Strong Sell
0,JAZZ,Strong Sell
0,JANX,Strong Sell
0,JAN,Strong Sell
0,JAMF,Strong Sell
0,ITUB,Strong Sell
0,ITT,Strong Sell
0,ITRN,Strong Sell
0,IRMD,Strong Sell
0,ISD,Strong Sell
0,IRWD,Strong Sell
0,IRTC,Buy
0,IRT,Strong Sell
0,IRS,Strong Buy
0,IROQ,Strong Buy
0,IRON,Strong Sell
0,IRM,Strong Sell
0,ITRM,Strong Buy
0,IRIX,Strong Buy
0,IREN,Strong Sell
0,IRDM,Strong Sell
0,IRBT,Strong Buy
0,IRAAU,Strong Sell
0,IRAA,Strong Buy
0,IR,Strong Buy
0,ISDR,Strong Sell
0,ISPC,Strong Sell
0,ISPO,Strong Sell
0,ISPOW,Strong Buy
0,ITRI,Strong Buy
0,ITRG,Strong Buy
0,ITP,Strong Buy
0,ITOS,Strong Sell
0,ITIC,Strong Buy
0,ITI,Strong Sell
0,ITGR,Strong Sell
0,ITCI,Strong Buy
0,IT,Strong Sell
0,ISUN,Strong Sell
0,ISTR,Strong Sell
0,ISSC,Strong Sell
0,ISRL,Strong Buy
0,ISRG,Strong Sell
0,ISPR,Strong Sell
0,JEF,Strong Sell
0,JEQ,Strong Sell
0,KFS,Strong Sell
0,KACL,Strong Buy
0,KARO,Strong Buy
0,KAR,Strong Sell
0,KAMN,Strong Buy
0,KALV,Strong Sell
0,KALU,Strong Buy
0,KALA,Strong Sell
0,KAI,Strong Sell
0,KA,Strong Buy
0,KB,Strong Buy
0,K,Strong Buy
0,JZXN,Strong Sell
0,JZ,Strong Sell
0,JYNT,Strong Sell
0,JXN,Strong Buy
0,JXJT,Buy
0,JWSM,Strong Buy
0,KAVL,Strong Sell
0,KBH,Strong Sell
0,JEWL,Strong Sell
0,KEP,Strong Sell
0,KFRC,Strong Sell
0,KFFB,Strong Sell
0,KF,Strong Sell
0,KEYS,Strong Buy
0,KEY,Strong Sell
0,KEX,Strong Buy
0,KEQU,Strong Buy
0,KEN,Strong Sell
0,KBR,Strong Buy
0,KELYB,Strong Sell
0,KELYA,Strong Sell
0,KE,Strong Sell
0,KDP,Strong Sell
0,KD,Strong Buy
0,KCGI,Sell
0,KC,Strong Sell
0,JWN,Strong Sell
0,JWEL,Strong Buy
0,JVA,Strong Sell
0,JHS,Strong Sell
0,JLS,Strong Sell
0,JLL,Strong Buy
0,JKS,Strong Sell
0,JKHY,Strong Sell
0,JJSF,Strong Sell
0,JILL,Strong Sell
0,JHX,Strong Sell
0,JHI,Strong Sell
0,JSPR,Strong Buy
0,JHG,Strong Buy
0,JGH,Strong Buy
0,JG,Strong Sell
0,JFU,Strong Sell
0,JFR,Strong Sell
0,JFIN,Strong Sell
0,JFBR,Strong Sell
0,JMIA,Strong Sell
0,JMM,Strong Sell
0,JMSB,Strong Sell
0,JNJ,Strong Sell
0,JSM,Strong Sell
0,JRVR,Strong Sell
0,JRSH,Strong Buy
0,JRS,Strong Sell
0,JRI,Strong Sell
0,JQC,Strong Buy
0,JPM,Strong Sell
0,JPI,Strong Sell
0,JPC,Strong Sell
0,JOUT,Strong Sell
0,JOF,Strong Sell
0,JOE,Strong Buy
0,JOBY,Strong Sell
0,JOB,Strong Sell
0,JNPR,Strong Buy
0,LGL,Strong Sell
0,LGND,Strong Buy
0,IQI,Strong Sell
0,MDC,Strong Sell
0,MDRRP,Strong Buy
0,MDRR,Strong Sell
0,MDLZ,Strong Sell
0,MDJH,Strong Buy
0,MDIA,Strong Buy
0,MDGS,Strong Sell
0,MDGL,Strong Sell
0,MDB,Strong Buy
0,MDU,Strong Sell
0,MDAI,Strong Buy
0,MD,Strong Sell
0,MCY,Strong Sell
0,MCW,Strong Sell
0,MCVT,Strong Buy
0,MCS,Strong Sell
0,MCRI,Strong Sell
0,MDT,Strong Sell
0,MDV,Strong Sell
0,MET,Buy
0,MEGI,Strong Sell
0,MESA,Strong Buy
0,MERC,Strong Buy
0,MEOH,Strong Buy
0,MELI,Strong Sell
0,MEIP,Strong Sell
0,MEI,Strong Buy
0,MEGL,Strong Sell
0,MEG,Strong Buy
0,MDWD,Strong Buy
0,MEDS,Strong Sell
0,MEDP,Strong Buy
0,MED,Strong Sell
0,MEC,Strong Sell
0,ME,Strong Sell
0,MDXH,Strong Sell
0,MDXG,Strong Sell
0,MCRB,Buy
0,MCR,Strong Sell
0,MCO,Strong Buy
0,MAYS,Strong Buy
0,MBINO,Strong Buy
0,MBINN,Strong Buy
0,MBINM,Strong Buy
0,MBIN,Strong Sell
0,MBI,Strong Sell
0,MBCN,Strong Sell
0,MBC,Strong Buy
0,MAXN,Strong Sell
0,MCN,Strong Sell
0,MAX,Strong Sell
0,MAV,Strong Sell
0,MATX,Strong Buy
0,MATW,Strong Sell
0,MATV,Strong Buy
0,MATH,Strong Buy
0,MAT,Strong Sell
0,MBIO,Strong Sell
0,MBLY,Strong Sell
0,MBNKP,Strong Buy
0,MBOT,Sell
0,MCK,Strong Buy
0,MCI,Strong Sell
0,MCHX,Strong Buy
0,MCHP,Strong Sell
0,MCFT,Strong Sell
0,MCD,Strong Sell
0,MCBS,Strong Sell
0,MCBC,Strong Sell
0,MCB,Strong Sell
0,MCAC,Strong Buy
0,MCAA,Strong Buy
0,MC,Strong Buy
0,MBWM,Strong Sell
0,MBUU,Strong Buy
0,MBRX,Strong Sell
0,MESO,Strong Buy
0,META,Strong Buy
0,MASI,Strong Sell
0,MIND,Strong Sell
0,MITA,Strong Buy
0,MIST,Strong Buy
0,MIRM,Strong Buy
0,MIR,Strong Sell
0,MIO,Strong Sell
0,MINM,Strong Sell
0,MINDP,Strong Sell
0,MIN,Strong Sell
0,MITK,Strong Buy
0,MIGI,Strong Sell
0,MIDD,Strong Sell
0,MICS,Strong Buy
0,MI,Strong Sell
0,MHUA,Strong Sell
0,MHO,Strong Sell
0,MHNC,Strong Buy
0,MITAU,Strong Buy
0,MITQ,Strong Buy
0,METC,Strong Sell
0,MLAB,Strong Sell
0,MLNK,Strong Buy
0,MLM,Strong Buy
0,MLKN,Strong Buy
0,MLI,Strong Buy
0,MLGO,Strong Sell
0,MLEC,Strong Sell
0,MLCO,Strong Sell
0,ML,Strong Buy
0,MITT,Strong Sell
0,MKTX,Strong Buy
0,MKTW,Strong Sell
0,MKSI,Strong Sell
0,MKL,Buy
0,MKFG,Strong Sell
0,MKC,Strong Sell
0,MIY,Strong Sell
0,MHN,Strong Sell
0,MHLD,Strong Sell
0,MHLA,Strong Buy
0,MFM,Strong Sell
0,MGIC,Strong Sell
0,MGF,Strong Sell
0,MGEE,Strong Sell
0,MGAM,Strong Sell
0,MGA,Strong Sell
0,MG,Strong Sell
0,MFV,Strong Sell
0,MFIN,Strong Buy
0,MHK,Strong Sell
0,MFIC,Strong Sell
0,MFH,Strong Sell
0,MFG,Strong Sell
0,MFD,Strong Sell
0,MFC,Strong Sell
0,MFA,Strong Sell
0,METCL,Strong Buy
0,MGIH,Strong Sell
0,MGLD,Strong Sell
0,MGM,Strong Sell
0,MGNI,Strong Sell
0,MHI,Strong Sell
0,MHH,Strong Buy
0,MHF,Strong Sell
0,MHD,Strong Sell
0,MGYR,Strong Sell
0,MGY,Strong Buy
0,MGTX,Strong Sell
0,MGRX,Strong Buy
0,MGRD,Strong Buy
0,MGRC,Strong Sell
0,MGRB,Strong Buy
0,MGR,Strong Sell
0,MGPI,Strong Sell
0,MGOL,Strong Sell
0,MGNX,Strong Buy
0,MASS,Strong Sell
0,MAS,Strong Sell
0,LGO,Strong Sell
0,LNN,Buy
0,LOB,Buy
0,LOAN,Strong Buy
0,LNZA,Strong Buy
0,LNW,Strong Sell
0,LNTH,Strong Buy
0,LNT,Strong Sell
0,LNSR,Strong Sell
0,LNKB,Strong Sell
0,LOCO,Strong Sell
0,LNG,Strong Sell
0,LND,Strong Sell
0,LNC,Strong Sell
0,LMT,Strong Buy
0,LMNR,Strong Buy
0,LMND,Strong Buy
0,LMFA,Strong Sell
0,LOCL,Strong Sell
0,LODE,Strong Sell
0,LQDT,Strong Sell
0,LPL,Strong Sell
0,LPX,Strong Sell
0,LPTX,Strong Sell
0,LPTV,Strong Buy
0,LPTH,Strong Buy
0,LPSN,Strong Sell
0,LPRO,Strong Sell
0,LPLA,Strong Sell
0,LPG,Strong Buy
0,LOGI,Strong Sell
0,LPCN,Strong Sell
0,LOW,Strong Sell
0,LOVE,Strong Buy
0,LOT,Sell
0,LOPE,Strong Sell
0,LOOP,Strong Buy
0,LOMA,Strong Buy
0,LMB,Strong Buy
0,LMAT,Strong Sell
0,LLY,Strong Buy
0,LIDR,Strong Sell
0,LILAK,Strong Buy
0,LILA,Strong Buy
0,LII,Buy
0,LIFWW,Strong Sell
0,LIFW,Strong Buy
0,LIFE,Strong Sell
0,LIDRW,Strong Buy
0,LICY,Strong Buy
0,LLAP,Strong Buy
0,LICN,Strong Sell
0,LI,Strong Sell
0,LHX,Buy
0,LH,Strong Sell
0,LGVN,Strong Sell
0,LGVCU,Strong Sell
0,LGVC,Strong Sell
0,LILM,Strong Sell
0,LILMW,Strong Buy
0,LIN,Strong Buy
0,LINC,Strong Sell
0,LL,Strong Buy
0,LKQ,Strong Sell
0,LKFN,Strong Sell
0,LKCO,Strong Sell
0,LIXTW,Strong Buy
0,LIXT,Strong Sell
0,LIVN,Strong Sell
0,LIVE,Strong Buy
0,LITM,Strong Buy
0,LITE,Strong Sell
0,LITB,Buy
0,LIQT,Strong Sell
0,LIPO,Strong Buy
0,LINK,Strong Sell
0,LIND,Strong Sell
0,LQDA,Strong Buy
0,LRCX,Buy
0,MARX,Strong Buy
0,LYFT,Strong Sell
0,LZB,Strong Sell
0,LZ,Strong Sell
0,LYV,Strong Sell
0,LYTS,Strong Buy
0,LYT,Strong Sell
0,LYRA,Strong Sell
0,LYG,Strong Buy
0,LYEL,Strong Sell
0,M,Strong Sell
0,LYB,Strong Buy
0,LXU,Strong Sell
0,LXRX,Strong Sell
0,LXP,Buy
0,LXFR,Strong Sell
0,LXEH,Strong Sell
0,LX,Strong Sell
0,LZM,Strong Sell
0,MA,Strong Sell
0,LRFC,Strong Sell
0,MAN,Strong Sell
0,MARPS,Strong Buy
0,MARA,Strong Sell
0,MAR,Strong Buy
0,MAQC,Strong Buy
0,MAPS,Strong Sell
0,MANU,Strong Buy
0,MANH,Strong Sell
0,MAMA,Strong Sell
0,MAA,Strong Sell
0,MAIN,Strong Buy
0,MAIA,Buy
0,MAG,Strong Buy
0,MACK,Strong Sell
0,MACAU,Strong Buy
0,MACA,Strong Sell
0,MAC,Strong Sell
0,LWLG,Strong Sell
0,LWAY,Strong Buy
0,LW,Strong Sell
0,LSPD,Strong Buy
0,LTC,Strong Sell
0,LTBR,Strong Sell
0,LSXMK,Strong Sell
0,LSXMB,Strong Sell
0,LSXMA,Strong Sell
0,LSTR,Strong Sell
0,LSTA,Strong Sell
0,LSF,Strong Sell
0,LVWR,Strong Sell
0,LSEA,Strong Sell
0,LSDI,Strong Sell
0,LSCC,Strong Sell
0,LSBK,Strong Sell
0,LSAK,Strong Sell
0,LRN,Strong Sell
0,LRMR,Strong Buy
0,LTH,Strong Sell
0,LTRN,Strong Sell
0,LTRX,Strong Sell
0,LU,Strong Sell
0,LVTX,Strong Sell
0,LVS,Strong Buy
0,LVRO,Sell
0,LVO,Strong Buy
0,LVLU,Strong Sell
0,LUXH,Strong Sell
0,LUV,Strong Sell
0,LUNR,Strong Sell
0,LUNG,Strong Sell
0,LUNA,Strong Sell
0,LUMO,Strong Sell
0,LUMN,Strong Sell
0,LULU,Strong Sell
0,LUCY,Strong Sell
0,LUCD,Strong Buy
0,IQV,Strong Sell
0,IQ,Strong Buy
0,GBNY,Strong Sell
0,GTAC,Strong Sell
0,GTIM,Strong Buy
0,GTI,Strong Buy
0,GTHX,Strong Buy
0,GTES,Strong Sell
0,GTEC,Strong Buy
0,GTE,Strong Buy
0,GTBP,Strong Sell
0,GT,Strong Sell
0,GTLS,Strong Sell
0,GSUN,Strong Sell
0,GSM,Strong Buy
0,GSL,Strong Buy
0,GSK,Strong Sell
0,GSIT,Strong Buy
0,GSHD,Strong Sell
0,GSBD,Strong Sell
0,GTLB,Strong Sell
0,GTN,Strong Sell
0,HA,Strong Sell
0,GWH,Strong Buy
0,GYRO,Strong Sell
0,GYRE,Strong Sell
0,GXO,Sell
0,GXAI,Strong Buy
0,GWW,Strong Buy
0,GWRS,Strong Sell
0,GWRE,Strong Sell
0,GWAV,Strong Buy
0,GTX,Strong Sell
0,GVP,Strong Buy
0,GVA,Strong Buy
0,GV,Buy
0,GUT,Strong Sell
0,GURE,Strong Sell
0,GUG,Strong Sell
0,GTY,Strong Sell
0,GSBC,Strong Sell
0,GSAT,Strong Sell
0,GS,Strong Sell
0,GPS,Strong Sell
0,GRF,Strong Sell
0,GREEL,Strong Buy
0,GREE,Strong Sell
0,GRC,Strong Sell
0,GRBK,Strong Sell
0,GRABW,Strong Sell
0,GRAB,Strong Buy
0,GPRO,Strong Sell
0,GRYP,Strong Sell
0,GPRK,Strong Buy
0,GPRE,Strong Buy
0,GPOR,Strong Sell
0,GPN,Strong Sell
0,GPMT,Strong Sell
0,GPK,Strong Sell
0,GPJA,Strong Buy
0,GRFS,Strong Buy
0,GRFX,Strong Sell
0,GRI,Strong Sell
0,GRIN,Strong Buy
0,GRX,Strong Sell
0,GRWG,Strong Sell
0,GRVY,Strong Buy
0,GRTX,Strong Buy
0,GRTS,Strong Sell
0,GRRR,Strong Buy
0,GRPN,Strong Sell
0,GROY,Strong Buy
0,GROW,Strong Sell
0,GROV,Strong Buy
0,GROM,Strong Sell
0,GRNT,Strong Buy
0,GRNQ,Strong Sell
0,GRND,Strong Buy
0,GRMN,Strong Buy
0,H,Strong Sell
0,HAE,Strong Buy
0,GPCR,Strong Buy
0,HFRO,Strong Buy
0,HHGC,Strong Buy
0,HGV,Strong Sell
0,HGTY,Strong Sell
0,HGLB,Strong Sell
0,HGBL,Buy
0,HGAS,Strong Buy
0,HFWA,Strong Sell
0,HFFG,Strong Buy
0,HHH,Strong Sell
0,HFBL,Strong Buy
0,HESM,Strong Sell
0,HES,Strong Buy
0,HEQ,Strong Sell
0,HEPS,Strong Sell
0,HEPA,Buy
0,HELE,Strong Sell
0,HHGCU,Strong Sell
0,HHS,Strong Sell
0,HAFC,Strong Sell
0,HIO,Strong Sell
0,HKIT,Strong Sell
0,HKD,Strong Sell
0,HIX,Strong Sell
0,HIW,Strong Sell
0,HIVE,Strong Sell
0,HITI,Strong Buy
0,HIPO,Strong Buy
0,HIMX,Strong Buy
0,HI,Strong Sell
0,HIMS,Strong Sell
0,HII,Strong Sell
0,HIHO,Strong Buy
0,HIG,Strong Buy
0,HIFS,Strong Sell
0,HIE,Strong Buy
0,HIBB,Strong Sell
0,HEI,Strong Sell
0,HEES,Strong Buy
0,HEAR,Strong Sell
0,HBAN,Strong Sell
0,HBIO,Strong Buy
0,HBI,Strong Sell
0,HBCP,Strong Sell
0,HBB,Strong Buy
0,HBANP,Strong Sell
0,HBANM,Strong Buy
0,HBANL,Strong Buy
0,HAYW,Strong Sell
0,HE,Strong Sell
0,HAYN,Strong Buy
0,HASI,Strong Sell
0,HAS,Strong Buy
0,HALO,Strong Buy
0,HAL,Strong Buy
0,HAIN,Strong Sell
0,HAIA,Strong Buy
0,HBM,Strong Buy
0,HBNC,Strong Sell
0,HBT,Strong Buy
0,HCA,Strong Sell
0,HDSN,Strong Sell
0,HDB,Strong Buy
0,HD,Strong Sell
0,HCXY,Strong Sell
0,HCWB,Strong Sell
0,HCVIU,Strong Buy
0,HCVI,Strong Buy
0,HCTI,Strong Sell
0,HCSG,Strong Sell
0,HCP,Strong Sell
0,HCM,Strong Sell
0,HCKT,Strong Sell
0,HCI,Strong Sell
0,HCC,Strong Sell
0,HCAT,Strong Sell
0,GPI,Strong Sell
0,GPC,Strong Sell
0,HLF,Strong Sell
0,GFI,Strong Buy
0,GGG,Strong Sell
0,GGE,Strong Sell
0,GGB,Strong Buy
0,GGAL,Strong Buy
0,GFS,Strong Sell
0,GFR,Strong Buy
0,GFL,Strong Buy
0,GFF,Strong Buy
0,GGR,Strong Sell
0,GFAI,Strong Buy
0,GF,Strong Buy
0,GEVO,Strong Buy
0,GETY,Strong Sell
0,GETR,Strong Buy
0,GES,Strong Sell
0,GERN,Strong Buy
0,GGN,Strong Buy
0,GGT,Strong Buy
0,GILT,Strong Buy
0,GHSI,Strong Buy
0,GIL,Strong Sell
0,GIII,Strong Sell
0,GIGM,Strong Buy
0,GIFI,Strong Sell
0,GIC,Strong Buy
0,GIB,Strong Sell
0,GHY,Strong Sell
0,GHRS,Strong Buy
0,GGZ,Strong Sell
0,GHM,Strong Buy
0,GHLD,Sell
0,GHIX,Strong Buy
0,GHI,Strong Sell
0,GHG,Strong Sell
0,GHC,Strong Buy
0,GH,Strong Sell
0,GEOS,Strong Buy
0,GEO,Strong Buy
0,GENI,Strong Buy
0,GCTS,Strong Sell
0,GDL,Strong Sell
0,GDEV,Strong Sell
0,GDEN,Strong Sell
0,GDDY,Strong Buy
0,GDC,Strong Sell
0,GD,Strong Buy
0,GCV,Strong Sell
0,GCTK,Strong Buy
0,GENE,Strong Sell
0,GCT,Strong Buy
0,GCO,Strong Sell
0,GCMG,Strong Sell
0,GCI,Strong Sell
0,GCBC,Strong Sell
0,GBX,Strong Buy
0,GBTG,Strong Buy
0,GDO,Strong Sell
0,GDOT,Strong Sell
0,GDRX,Buy
0,GDS,Strong Buy
0,GENC,Strong Buy
0,GEN,Strong Sell
0,GEL,Strong Buy
0,GEHC,Strong Sell
0,GEGGL,Strong Buy
0,GEG,Strong Buy
0,GEF,Strong Sell
0,GECCO,Strong Sell
0,GECCM,Strong Sell
0,GECC,Strong Buy
0,GE,Strong Buy
0,GDYN,Strong Sell
0,GDV,Strong Sell
0,GDSTU,Strong Buy
0,GDST,Strong Buy
0,GILD,Strong Sell
0,GIPR,Strong Sell
0,GPAC,Strong Buy
0,GNRC,Strong Buy
0,GNW,Strong Sell
0,GNTY,Strong Sell
0,GNTX,Strong Sell
0,GNTA,Strong Sell
0,GNT,Strong Buy
0,GNSS,Strong Sell
0,GNS,Strong Buy
0,GNPX,Strong Buy
0,GOCO,Strong Sell
0,GNLX,Strong Sell
0,GNLN,Strong Buy
0,GNL,Strong Sell
0,GNK,Strong Buy
0,GNFT,Strong Sell
0,GNE,Strong Buy
0,GMS,Strong Buy
0,GO,Strong Sell
0,GOEV,Strong Sell
0,GIS,Strong Sell
0,GOOGL,Strong Sell
0,GP,Strong Sell
0,GOVX,Strong Sell
0,GOTU,Strong Sell
0,GOSS,Strong Sell
0,GORV,Strong Sell
0,GORO,Strong Buy
0,GOOS,Strong Sell
0,GOOG,Strong Sell
0,GOF,Strong Buy
0,GOODO,Sell
0,GOODN,Strong Sell
0,GOOD,Strong Sell
0,GOLF,Strong Sell
0,GOLD,Strong Buy
0,GOGO,Strong Sell
0,GOGL,Strong Sell
0,GMRE,Strong Sell
0,AA,Strong Buy
0,GMFIU,Strong Buy
0,GLBZ,Strong Sell
0,GLOB,Strong Sell
0,GLO,Strong Buy
0,GLNG,Strong Buy
0,GLMD,Strong Buy
0,GLLI,Strong Buy
0,GLDG,Strong Buy
0,GLDD,Strong Sell
0,GLBS,Strong Sell
0,GMFI,Strong Sell
0,GLBE,Strong Sell
0,GLAD,Strong Sell
0,GL,Strong Sell
0,GKOS,Strong Buy
0,GJT,Strong Sell
0,GJS,Strong Buy
0,GJH,Strong Buy
0,GLP,Strong Buy
0,GLPG,Strong Sell
0,GLPI,Strong Sell
0,GLQ,Strong Buy
0,GMED,Strong Sell
0,GME,Strong Sell
0,GMDA,Strong Sell
0,GMAB,Strong Sell
0,GM,Strong Sell
0,GLYC,Strong Sell
0,GLW,Strong Sell
0,GLV,Strong Sell
0,GLUE,Strong Buy
0,GLU,Strong Buy
0,GLTO,Strong Buy
0,GLT,Strong Sell
0,GLST,Strong Buy
0,GLSI,Strong Sell
0,GLRE,Strong Buy
0,HL,Strong Buy
0,HLI,Strong Buy
0,IPX,Strong Sell
0,IHTA,Strong Sell
0,IINNW,Strong Sell
0,IINN,Strong Buy
0,IIM,Strong Sell
0,IIIV,Strong Buy
0,IIIN,Strong Sell
0,III,Strong Sell
0,IIF,Strong Buy
0,IHT,Strong Buy
0,IKNA,Strong Sell
0,IHS,Strong Sell
0,IHRT,Strong Sell
0,IHG,Strong Sell
0,IHD,Strong Sell
0,IH,Strong Buy
0,IGTAU,Strong Sell
0,IGTA,Strong Sell
0,IIPR,Strong Sell
0,IKT,Strong Buy
0,IMRN,Strong Sell
0,IMMP,Strong Buy
0,IMPP,Strong Buy
0,IMOS,Strong Sell
0,IMO,Strong Buy
0,IMNN,Strong Buy
0,IMNM,Strong Sell
0,IMMX,Strong Sell
0,IMMR,Strong Sell
0,IMKTA,Strong Sell
0,ILAG,Strong Buy
0,IMCR,Strong Sell
0,IMCC,Strong Buy
0,IMAX,Strong Buy
0,IMAQ,Strong Buy
0,IMAB,Strong Sell
0,ILPT,Strong Sell
0,ILMN,Strong Sell
0,IGT,Strong Sell
0,IGR,Strong Sell
0,IGMS,Strong Sell
0,ICMB,Strong Buy
0,IDEX,Strong Sell
0,IDE,Strong Buy
0,IDCC,Strong Sell
0,IDAI,Strong Buy
0,IDA,Strong Sell
0,ICUI,Strong Sell
0,ICU,Strong Sell
0,ICLR,Strong Sell
0,IGIC,Strong Buy
0,ICLK,Strong Sell
0,ICL,Strong Sell
0,ICHR,Strong Sell
0,ICG,Strong Sell
0,ICFI,Strong Sell
0,ICE,Strong Buy
0,ICD,Strong Buy
0,IDN,Strong Buy
0,IDR,Strong Buy
0,IDT,Strong Sell
0,IDXX,Strong Sell
0,IGI,Strong Sell
0,IGD,Strong Sell
0,IGC,Strong Buy
0,IGA,Strong Sell
0,IFS,Strong Sell
0,IFRX,Strong Buy
0,IFN,Strong Sell
0,IFIN,Strong Buy
0,IFF,Strong Sell
0,IFBD,Strong Sell
0,IEX,Strong Sell
0,IESC,Strong Buy
0,IEP,Strong Buy
0,IE,Strong Buy
0,IDYA,Strong Sell
0,IMPPP,Buy
0,IMRX,Strong Sell
0,ICCH,Strong Sell
0,INTZ,Strong Sell
0,INZY,Strong Sell
0,INVZ,Strong Buy
0,INVO,Strong Sell
0,INVH,Strong Sell
0,INVE,Strong Sell
0,INVA,Strong Sell
0,INUV,Strong Buy
0,INTU,Buy
0,IONM,Strong Buy
0,INTT,Strong Buy
0,INTR,Strong Buy
0,INTG,Strong Sell
0,INTE,Strong Buy
0,INTC,Strong Sell
0,INTA,Strong Sell
0,INSW,Strong Buy
0,IOBT,Strong Sell
0,IONQ,Strong Sell
0,IMTE,Strong Sell
0,IPDN,Strong Buy
0,IPWR,Strong Sell
0,IPW,Strong Sell
0,IPSC,Strong Sell
0,IPI,Strong Buy
0,IPHA,Strong Sell
0,IPGP,Strong Sell
0,IPG,Strong Sell
0,IPAR,Strong Sell
0,IONR,Strong Buy
0,IPA,Strong Sell
0,IP,Strong Sell
0,IOVA,Strong Sell
0,IOT,Strong Sell
0,IOSP,Strong Sell
0,IOR,Strong Buy
0,IONS,Strong Sell
0,INST,Strong Sell
0,INSP,Strong Buy
0,INSM,Strong Buy
0,INBS,Strong Sell
0,INDP,Strong Buy
0,INDO,Strong Buy
0,INDI,Strong Buy
0,INDB,Strong Sell
0,INCY,Strong Sell
0,INCR,Strong Sell
0,INBX,Strong Buy
0,INBKZ,Strong Buy
0,INSI,Strong Sell
0,INBK,Strong Sell
0,INAQW,Strong Sell
0,INAB,Strong Sell
0,IMXI,Strong Sell
0,IMVT,Buy
0,IMUX,Strong Buy
0,IMTX,Strong Sell
0,INDV,Strong Buy
0,INFA,Strong Buy
0,INFN,Strong Sell
0,INFU,Strong Sell
0,INSG,Strong Sell
0,INSE,Strong Buy
0,INOD,Strong Buy
0,INO,Strong Sell
0,INNV,Strong Sell
0,INN,Strong Buy
0,INMD,Strong Sell
0,INMB,Strong Sell
0,INM,Strong Sell
0,INLX,Strong Buy
0,INKT,Strong Buy
0,INGR,Strong Sell
0,INGN,Strong Sell
0,ING,Strong Buy
0,INFY,Strong Buy
0,ICCM,Strong Sell
0,ICCC,Strong Sell
0,HLIO,Strong Buy
0,HPI,Strong Sell
0,HQI,Strong Buy
0,HQH,Strong Sell
0,HPS,Strong Sell
0,HPQ,Strong Sell
0,HPP,Strong Sell
0,HPKEW,Strong Sell
0,HPK,Strong Buy
0,HPH,Strong Sell
0,HQY,Strong Sell
0,HPF,Strong Sell
0,HPE,Strong Buy
0,HPCO,Strong Sell
0,HP,Strong Buy
0,HOWL,Strong Sell
0,HOVR,Strong Buy
0,HOVNP,Strong Buy
0,HQL,Strong Sell
0,HR,Strong Sell
0,HSON,Strong Sell
0,HRTX,Strong Buy
0,HSIC,Strong Sell
0,HSHP,Strong Buy
0,HSDT,Strong Buy
0,HSCS,Strong Sell
0,HSBC,Strong Buy
0,HSAI,Strong Sell
0,HRZN,Strong Sell
0,HRTG,Strong Sell
0,HRB,Strong Sell
0,HRT,Strong Buy
0,HROWM,Strong Buy
0,HROWL,Strong Buy
0,HROW,Strong Buy
0,HRMY,Strong Sell
0,HRL,Strong Sell
0,HRI,Strong Sell
0,HOV,Strong Buy
0,HOUS,Strong Sell
0,HOUR,Strong Sell
0,HLVX,Strong Sell
0,HNI,Strong Sell
0,HMY,Strong Buy
0,HMST,Strong Sell
0,HMNF,Strong Sell
0,HMN,Strong Sell
0,HMC,Strong Sell
0,HLX,Strong Buy
0,HLTH,Strong Sell
0,HOTH,Strong Sell
0,HLT,Strong Sell
0,HLP,Strong Sell
0,HLNE,Strong Buy
0,HLN,Strong Sell
0,HLMN,Strong Sell
0,HLLY,Strong Sell
0,HLIT,Strong Sell
0,HNNA,Strong Buy
0,HNNAZ,Strong Sell
0,HNRA,Strong Buy
0,HNRG,Strong Buy
0,HOPE,Strong Sell
0,HOOK,Strong Buy
0,HOOD,Strong Sell
0,HONE,Strong Sell
0,HON,Strong Sell
0,HOMB,Strong Sell
0,HOLX,Strong Buy
0,HOLO,Strong Sell
0,HOLI,Strong Sell
0,HOG,Strong Sell
0,HOFV,Strong Sell
0,HOFT,Strong Sell
0,HNW,Strong Sell
0,HNVR,Strong Sell
0,HNST,Strong Sell
0,HSII,Strong Sell
0,HSPO,Strong Buy
0,ICAD,Sell
0,HYB,Strong Sell
0,HYT,Strong Sell
0,HYPR,Strong Sell
0,HYMCL,Strong Buy
0,HYMC,Strong Buy
0,HYLN,Strong Sell
0,HYI,Strong Buy
0,HYFM,Strong Sell
0,HY,Strong Buy
0,HYZN,Strong Sell
0,HXL,Strong Buy
0,HWM,Strong Buy
0,HWKN,Strong Buy
0,HWH,Strong Buy
0,HWCPZ,Strong Sell
0,HWC,Strong Sell
0,HWBK,Strong Buy
0,HYW,Buy
0,HZO,Strong Sell
0,HSPOU,Strong Buy
0,IBIO,Strong Sell
0,IBTX,Strong Sell
0,IBRX,Strong Buy
0,IBP,Strong Buy
0,IBOC,Strong Buy
0,IBN,Strong Sell
0,IBM,Strong Sell
0,IBKR,Strong Buy
0,IBEX,Strong Sell
0,IAC,Strong Sell
0,IBCP,Strong Sell
0,IAUX,Strong Sell
0,IAS,Strong Buy
0,IART,Strong Sell
0,IAG,Strong Buy
0,IAF,Strong Buy
0,IAE,Strong Sell
0,HVT,Strong Sell
0,HUYA,Strong Buy
0,HUT,Strong Sell
0,HTFC,Strong Buy
0,HTLF,Strong Sell
0,HTLD,Strong Sell
0,HTIBP,Strong Sell
0,HTIA,Strong Sell
0,HTHT,Strong Buy
0,HTH,Strong Sell
0,HTGC,Strong Buy
0,HTFB,Strong Sell
0,HUSA,Strong Buy
0,HTD,Strong Sell
0,HTCR,Strong Sell
0,HTBK,Strong Sell
0,HTBI,Strong Sell
0,HSY,Strong Sell
0,HSTM,Strong Sell
0,HST,Strong Sell
0,HTLFP,Strong Sell
0,HTOO,Strong Sell
0,HTOOW,Strong Buy
0,HTY,Strong Sell
0,HURN,Strong Sell
0,HURC,Strong Sell
0,HUN,Strong Sell
0,HUMA,Strong Sell
0,HUM,Strong Sell
0,HUIZ,Strong Sell
0,HUGE,Strong Sell
0,HUDI,Strong Sell
0,HUDAR,Strong Sell
0,HUDA,Strong Buy
0,HUBS,Strong Buy
0,HUBG,Strong Buy
0,HUBC,Strong Buy
0,HUBB,Strong Buy
0,HTZ,Strong Sell
0,MLP,Strong Sell
0,MLR,Strong Buy
0,MLSS,Strong Sell
0,PMM,Strong Sell
0,PNBK,Strong Buy
0,PMX,Strong Sell
0,PMVP,Strong Sell
0,PMTS,Strong Buy
0,PMT,Strong Sell
0,PMO,Strong Sell
0,PMN,Strong Buy
0,PML,Strong Sell
0,PNF,Strong Sell
0,PMGM,Strong Sell
0,PMF,Strong Sell
0,PMD,Strong Buy
0,PMCB,Strong Sell
0,PM,Strong Sell
0,PLYM,Strong Sell
0,PLYA,Strong Sell
0,PNC,Strong Sell
0,PNFP,Strong Sell
0,POWL,Strong Buy
0,POAI,Strong Sell
0,POST,Strong Sell
0,POR,Strong Sell
0,POOL,Strong Sell
0,POLA,Strong Sell
0,POET,Strong Sell
0,PODD,Strong Sell
0,POCI,Strong Sell
0,PNW,Strong Sell
0,PNFPP,Strong Buy
0,PNTG,Strong Buy
0,PNST,Strong Sell
0,PNRG,Strong Sell
0,PNR,Strong Sell
0,PNNT,Strong Buy
0,PNM,Strong Sell
0,PNI,Strong Sell
0,PLXS,Strong Buy
0,PLX,Strong Sell
0,PLUS,Strong Sell
0,PKG,Strong Sell
0,PLAY,Strong Buy
0,PLAO,Strong Buy
0,PLAG,Strong Sell
0,PLAB,Strong Sell
0,PL,Strong Sell
0,PKX,Strong Sell
0,PKOH,Strong Sell
0,PKE,Strong Sell
0,PLUR,Strong Sell
0,PKBK,Strong Sell
0,PK,Strong Buy
0,PJT,Strong Buy
0,PIXY,Strong Sell
0,PIRS,Strong Sell
0,PIPR,Strong Buy
0,PINS,Strong Sell
0,PLBC,Strong Sell
0,PLBY,Strong Buy
0,PLCE,Strong Sell
0,PLD,Strong Sell
0,PLUG,Strong Sell
0,PLTR,Strong Sell
0,PLTNU,Strong Sell
0,PLTN,Strong Sell
0,PLTK,Strong Sell
0,PLSE,Strong Sell
0,PLRX,Sell
0,PLPC,Strong Buy
0,PLOW,Strong Sell
0,PLNT,Strong Buy
0,PLMR,Strong Sell
0,PLMJ,Buy
0,PLMI,Strong Buy
0,PLL,Strong Sell
0,PLG,Strong Buy
0,POWI,Strong Sell
0,POWW,Strong Sell
0,PINC,Strong Sell
0,PRST,Strong Sell
0,PRU,Strong Sell
0,PRTS,Strong Sell
0,PRTH,Strong Sell
0,PRTG,Strong Sell
0,PRTC,Strong Sell
0,PRTA,Strong Sell
0,PRT,Strong Buy
0,PRSO,Strong Sell
0,PSA,Strong Sell
0,PRS,Strong Buy
0,PRQR,Strong Buy
0,PRPO,Strong Sell
0,PRPL,Strong Buy
0,PRPH,Strong Buy
0,PROV,Strong Buy
0,PROP,Strong Buy
0,PRVA,Strong Sell
0,PSEC,Strong Sell
0,POWWP,Strong Sell
0,PSQH,Strong Sell
0,PTA,Strong Sell
0,PT,Strong Buy
0,PSX,Strong Buy
0,PSTX,Strong Sell
0,PSTV,Strong Buy
0,PSTL,Strong Sell
0,PSTG,Strong Buy
0,PSO,Strong Sell
0,PSF,Strong Sell
0,PSNYW,Strong Buy
0,PSNY,Strong Buy
0,PSNL,Strong Sell
0,PSN,Strong Buy
0,PSMT,Strong Buy
0,PSHG,Strong Buy
0,PSFE,Strong Buy
0,PROK,Strong Sell
0,PROF,Strong Sell
0,PROC,Strong Buy
0,PPT,Strong Sell
0,PRCH,Strong Buy
0,PRAX,Strong Sell
0,PRAA,Strong Sell
0,PRA,Strong Sell
0,PR,Strong Buy
0,PPYA,Strong Buy
0,PPTA,Strong Buy
0,PPSI,Strong Sell
0,PRO,Strong Buy
0,PPL,Strong Sell
0,PPIH,Strong Buy
0,PPHP,Strong Sell
0,PPG,Strong Sell
0,PPC,Strong Buy
0,PPBT,Strong Buy
0,PPBI,Strong Sell
0,PRCT,Strong Sell
0,PRDO,Strong Sell
0,PRE,Strong Sell
0,PRFT,Strong Sell
0,PRMW,Strong Sell
0,PRME,Strong Sell
0,PRM,Strong Buy
0,PRLH,Strong Buy
0,PRLD,Strong Sell
0,PRLB,Strong Sell
0,PRKS,Strong Buy
0,PRK,Strong Sell
0,PRIM,Strong Buy
0,PRI,Strong Sell
0,PRH,Strong Buy
0,PRGS,Strong Sell
0,PRGO,Strong Sell
0,PRG,Strong Sell
0,PRFX,Strong Sell
0,PINE,Strong Sell
0,PIM,Strong Sell
0,PTCT,Strong Sell
0,PBR,Strong Buy
0,PCH,Strong Sell
0,PCG,Strong Buy
0,PCF,Strong Sell
0,PCB,Strong Sell
0,PCAR,Strong Sell
0,PBYI,Strong Buy
0,PBT,Strong Buy
0,PBPB,Strong Sell
0,PCM,Strong Buy
0,PBM,Strong Sell
0,PBI,Strong Sell
0,PBHC,Strong Sell
0,PBH,Strong Sell
0,PBFS,Strong Sell
0,PBF,Strong Buy
0,PBBK,Strong Sell
0,PCK,Strong Sell
0,PCN,Strong Buy
0,PDS,Strong Buy
0,PD,Strong Buy
0,PDM,Strong Sell
0,PDLB,Strong Sell
0,PDI,Strong Buy
0,PDFS,Strong Sell
0,PDEX,Strong Buy
0,PDD,Strong Sell
0,PDCO,Strong Sell
0,PCYO,Strong Buy
0,PCOR,Strong Sell
0,PCVX,Strong Sell
0,PCTY,Strong Sell
0,PCTTU,Strong Buy
0,PCT,Strong Sell
0,PCSA,Strong Buy
0,PCRX,Strong Sell
0,PCQ,Strong Sell
0,PBA,Strong Buy
0,PB,Strong Sell
0,PAYX,Strong Buy
0,PAC,Strong Buy
0,PAI,Strong Sell
0,PAHC,Strong Sell
0,PAGS,Strong Sell
0,PAGP,Strong Buy
0,PAG,Strong Sell
0,PACK,Strong Sell
0,PACB,Strong Sell
0,PAAS,Strong Buy
0,PAYS,Strong Buy
0,PAA,Strong Buy
0,OZKAP,Strong Buy
0,OZK,Strong Sell
0,OZ,Strong Buy
0,OXY,Strong Buy
0,OXSQZ,Strong Buy
0,OXSQG,Strong Buy
0,PALI,Strong Sell
0,PALT,Strong Buy
0,PAM,Strong Buy
0,PANL,Strong Buy
0,PAYO,Strong Sell
0,PAYC,Strong Buy
0,PAY,Strong Sell
0,PAXS,Strong Buy
0,PAX,Strong Sell
0,PAVS,Strong Sell
0,PAVM,Strong Sell
0,PATK,Strong Sell
0,PATH,Strong Sell
0,PASG,Strong Buy
0,PARR,Strong Buy
0,PARAA,Strong Buy
0,PARA,Strong Buy
0,PAR,Strong Sell
0,PANW,Strong Sell
0,PDO,Strong Sell
0,PDSB,Strong Sell
0,PIK,Strong Buy
0,PGNY,Strong Sell
0,PGYWW,Strong Sell
0,PGY,Strong Buy
0,PGSS,Strong Buy
0,PGRU,Strong Sell
0,PGRE,Strong Buy
0,PGR,Strong Buy
0,PGP,Strong Sell
0,PGEN,Strong Sell
0,PH,Strong Buy
0,PGC,Strong Sell
0,PG,Strong Sell
0,PFX,Strong Buy
0,PFTAU,Strong Sell
0,PFTA,Strong Sell
0,PFSI,Strong Sell
0,PFS,Strong Sell
0,PGZ,Strong Buy
0,PHAR,Strong Sell
0,PDT,Strong Sell
0,PHT,Strong Sell
0,PIII,Strong Sell
0,PII,Strong Sell
0,PI,Strong Sell
0,PHYT,Strong Buy
0,PHX,Strong Buy
0,PHVS,Strong Buy
0,PHUN,Strong Sell
0,PHR,Strong Sell
0,PHAT,Strong Buy
0,PHM,Strong Sell
0,PHK,Strong Buy
0,PHIO,Strong Buy
0,PHI,Strong Sell
0,PHGE,Strong Sell
0,PHG,Sell
0,PHD,Strong Sell
0,PFO,Strong Sell
0,PFN,Strong Buy
0,PFMT,Strong Sell
0,PEGR,Strong Buy
0,PEPG,Strong Sell
0,PEP,Strong Sell
0,PEO,Strong Buy
0,PENN,Strong Sell
0,PEN,Strong Buy
0,PEGY,Strong Buy
0,PEGRU,Sell
0,PEGA,Strong Sell
0,PFLT,Strong Buy
0,PEG,Buy
0,PED,Strong Sell
0,PECO,Strong Sell
0,PEBO,Strong Sell
0,PEBK,Strong Buy
0,PEB,Strong Buy
0,PDX,Strong Buy
0,PERF,Strong Sell
0,PERI,Strong Sell
0,PESI,Strong Buy
0,PET,Strong Buy
0,PFL,Strong Buy
0,PFIS,Strong Sell
0,PFIE,Strong Sell
0,PFH,Strong Buy
0,PFGC,Strong Sell
0,PFG,Strong Sell
0,PFE,Strong Sell
0,PFD,Strong Sell
0,PFC,Strong Sell
0,PFBC,Strong Sell
0,PEV,Strong Sell
0,PETZ,Strong Buy
0,PETV,Strong Buy
0,PETS,Strong Sell
0,PETQ,Strong Buy
0,PTC,Strong Sell
0,PTEN,Strong Buy
0,MLTX,Strong Sell
0,RLAY,Strong Sell
0,RLYB,Strong Sell
0,RLX,Strong Sell
0,RLTY,Strong Sell
0,RLMD,Strong Sell
0,RLJ,Strong Sell
0,RLI,Strong Sell
0,RLGT,Strong Sell
0,RL,Strong Sell
0,RMAX,Strong Sell
0,RKT,Strong Sell
0,RKLB,Strong Sell
0,RKDA,Strong Buy
0,RJF,Strong Sell
0,RIVN,Strong Sell
0,RIV,Strong Sell
0,RITM,Strong Sell
0,RM,Strong Buy
0,RMBI,Strong Buy
0,RNLX,Strong Sell
0,RMNI,Strong Sell
0,RNG,Strong Sell
0,RNAZ,Strong Sell
0,RNAC,Strong Sell
0,RNA,Strong Sell
0,RMTI,Strong Sell
0,RMT,Strong Sell
0,RMR,Strong Sell
0,RMMZ,Strong Buy
0,RMBL,Strong Sell
0,RMM,Strong Sell
0,RMI,Strong Sell
0,RMGC,Strong Sell
0,RMD,Strong Sell
0,RMCO,Sell
0,RMCF,Strong Buy
0,RMBS,Strong Sell
0,RIOT,Strong Sell
0,RIO,Strong Sell
0,RILYZ,Strong Buy
0,RGC,Strong Sell
0,RGP,Strong Sell
0,RGNX,Strong Sell
0,RGLS,Strong Sell
0,RGLD,Strong Buy
0,RGF,Strong Sell
0,RGEN,Strong Sell
0,RGCO,Strong Buy
0,RGA,Strong Buy
0,RILYT,Strong Buy
0,RFMZ,Strong Buy
0,RFM,Strong Buy
0,RFL,Strong Sell
0,RFIL,Strong Sell
0,RFI,Strong Sell
0,RFACU,Strong Sell
0,RF,Strong Sell
0,RGR,Strong Buy
0,RGS,Strong Sell
0,RGT,Strong Sell
0,RGTI,Strong Sell
0,RILYP,Strong Buy
0,RILYO,Strong Buy
0,RILYN,Strong Buy
0,RILYM,Strong Buy
0,RILYL,Strong Buy
0,RILYK,Strong Buy
0,RILYG,Strong Buy
0,RILY,Strong Buy
0,RIGL,Strong Sell
0,RIG,Strong Buy
0,RICK,Strong Sell
0,RHP,Strong Buy
0,RHI,Strong Sell
0,RHE,Strong Buy
0,RH,Strong Sell
0,RNGR,Strong Buy
0,RNP,Strong Sell
0,REYN,Strong Sell
0,RVMD,Buy
0,RVTY,Strong Sell
0,RVT,Strong Sell
0,RVSN,Strong Sell
0,RVSB,Strong Buy
0,RVPH,Strong Sell
0,RVP,Strong Sell
0,RVNC,Strong Sell
0,RVLV,Strong Sell
0,RWAY,Strong Buy
0,RUSHB,Strong Sell
0,RUSHA,Strong Sell
0,RUN,Strong Sell
0,RUM,Strong Sell
0,RTX,Strong Buy
0,RTO,Strong Buy
0,RTC,Strong Buy
0,RVYL,Strong Sell
0,RWAYL,Strong Buy
0,RNR,Strong Sell
0,RYAAY,Strong Buy
0,RZC,Strong Sell
0,RZB,Strong Buy
0,RYTM,Strong Sell
0,RYN,Strong Sell
0,RYI,Strong Buy
0,RYAN,Strong Sell
0,RYAM,Strong Sell
0,RY,Strong Buy
0,RWAYZ,Strong Buy
0,RXT,Strong Buy
0,RXST,Strong Buy
0,RXRX,Strong Sell
0,RXO,Strong Buy
0,RWT,Strong Sell
0,RWODU,Strong Sell
0,RWOD,Strong Sell
0,RSVRW,Strong Sell
0,RSVR,Strong Buy
0,RSSS,Strong Buy
0,ROIC,Strong Sell
0,ROST,Strong Sell
0,ROP,Strong Sell
0,ROOT,Strong Buy
0,ROL,Strong Sell
0,ROKU,Strong Sell
0,ROK,Strong Sell
0,ROIV,Strong Buy
0,ROG,Strong Sell
0,RSLS,Strong Sell
0,ROCL,Strong Buy
0,ROCK,Strong Sell
0,ROAD,Strong Buy
0,RNXT,Strong Sell
0,RNWWW,Strong Buy
0,RNW,Strong Sell
0,RNST,Strong Sell
0,RPAY,Strong Sell
0,RPD,Strong Buy
0,RPHM,Strong Buy
0,RPID,Strong Buy
0,RSKD,Strong Sell
0,RSI,Strong Buy
0,RSG,Strong Sell
0,RSF,Strong Sell
0,RS,Strong Buy
0,RRX,Strong Sell
0,RRR,Strong Buy
0,RRGB,Strong Sell
0,RRC,Strong Buy
0,RRBI,Strong Sell
0,RRAC,Strong Buy
0,RQI,Strong Sell
0,RPTX,Strong Sell
0,RPRX,Strong Sell
0,RPM,Strong Sell
0,REZI,Strong Sell
0,REXR,Strong Sell
0,PTGX,Strong Sell
0,QGEN,Strong Sell
0,QNCX,Strong Sell
0,QMCO,Strong Buy
0,QLYS,Strong Sell
0,QLI,Strong Buy
0,QLGN,Strong Sell
0,QIPT,Strong Sell
0,QH,Strong Buy
0,QFIN,Strong Buy
0,QNST,Strong Sell
0,QDRO,Strong Buy
0,QDEL,Strong Sell
0,QD,Strong Sell
0,QCRH,Strong Sell
0,QCOM,Strong Buy
0,QBTS,Strong Sell
0,PZZA,Strong Sell
0,QNRX,Strong Sell
0,QOMO,Strong Buy
0,QURE,Strong Sell
0,QSI,Strong Sell
0,QUBT,Strong Sell
0,QUAD,Strong Sell
0,QTWO,Strong Buy
0,QTTB,Strong Buy
0,QTRX,Strong Sell
0,QTI,Strong Buy
0,QSR,Strong Sell
0,QSG,Strong Sell
0,QOMOU,Strong Buy
0,QS,Strong Sell
0,QRVO,Strong Buy
0,QRTEP,Strong Sell
0,QRTEB,Strong Sell
0,QRTEA,Strong Sell
0,QRHC,Strong Buy
0,QQQX,Strong Sell
0,PZG,Strong Buy
0,PZC,Strong Sell
0,PYXS,Strong Buy
0,PTWO,Strong Buy
0,PVBC,Strong Sell
0,PUMP,Strong Buy
0,PULM,Strong Buy
0,PUK,Strong Sell
0,PUCK,Strong Buy
0,PUBM,Strong Buy
0,PTY,Strong Buy
0,PTVE,Strong Buy
0,PYT,Strong Buy
0,PTSI,Strong Sell
0,PTPI,Strong Sell
0,PTON,Strong Sell
0,PTN,Strong Buy
0,PTMN,Strong Buy
0,PTLO,Strong Sell
0,PTIX,Strong Sell
0,PVH,Strong Sell
0,PVL,Strong Buy
0,PW,Strong Sell
0,PWFL,Strong Sell
0,PYPL,Strong Sell
0,PYPD,Strong Buy
0,PYN,Strong Sell
0,PYCR,Strong Sell
0,PXSAP,Strong Sell
0,PXS,Strong Sell
0,PXMD,Strong Sell
0,PXLW,Strong Sell
0,PXD,Strong Buy
0,PX,Buy
0,PWUP,Strong Buy
0,PWSC,Strong Buy
0,PWR,Strong Buy
0,PWP,Strong Buy
0,PWOD,Strong Sell
0,QUIK,Strong Sell
0,QVCC,Strong Sell
0,REX,Strong Buy
0,RDW,Strong Buy
0,REE,Strong Sell
0,REBN,Strong Buy
0,REAX,Strong Buy
0,REAL,Strong Sell
0,RDZN,Strong Buy
0,RDY,Strong Buy
0,RDWR,Strong Sell
0,RDVT,Strong Buy
0,REFR,Strong Sell
0,RDUS,Strong Sell
0,RDNT,Strong Buy
0,RDN,Strong Sell
0,RDIB,Strong Sell
0,RDI,Strong Sell
0,RDHL,Strong Sell
0,RDFN,Strong Sell
0,REFI,Strong Buy
0,REG,Strong Sell
0,QVCD,Strong Sell
0,RENT,Strong Sell
0,REVG,Strong Buy
0,REVB,Strong Buy
0,RETO,Strong Buy
0,RES,Strong Buy
0,RERE,Strong Sell
0,REPX,Strong Sell
0,REPL,Strong Sell
0,RENEW,Strong Sell
0,REGN,Strong Sell
0,RENE,Strong Buy
0,RELY,Strong Buy
0,RELX,Strong Sell
0,RELL,Strong Sell
0,RELI,Strong Buy
0,REKR,Strong Buy
0,REI,Strong Buy
0,RDCM,Strong Sell
0,RCUS,Strong Sell
0,RCS,Sell
0,RARE,Strong Buy
0,RBCAA,Strong Buy
0,RBC,Buy
0,RBBN,Strong Sell
0,RBB,Strong Sell
0,RBA,Strong Sell
0,RAYA,Strong Buy
0,RAVE,Strong Buy
0,RAPT,Strong Sell
0,RCRT,Strong Buy
0,RANI,Strong Buy
0,RAND,Strong Sell
0,RAMP,Strong Buy
0,RAIL,Strong Buy
0,RACE,Strong Sell
0,RA,Strong Sell
0,R,Strong Sell
0,RBCP,Strong Sell
0,RBKB,Strong Sell
0,RBLX,Strong Buy
0,RBOT,Strong Sell
0,RCON,Buy
0,RCMT,Strong Sell
0,RCM,Strong Sell
0,RCL,Strong Sell
0,RCKY,Strong Buy
0,RCKT,Strong Sell
0,RCI,Strong Sell
0,RCG,Strong Buy
0,RCFA,Strong Buy
0,RCEL,Strong Sell
0,RCC,Strong Sell
0,RCB,Strong Buy
0,RCAT,Strong Sell
0,RC,Strong Sell
0,RBT,Strong Sell
0,OXSQ,Strong Buy
0,OXM,Strong Sell
0,OXLCZ,Strong Buy
0,NBXG,Strong Buy
0,NCNC,Strong Sell
0,NCNA,Strong Sell
0,NCMI,Strong Buy
0,NCLH,Strong Sell
0,NCA,Strong Sell
0,NC,Strong Sell
0,NBY,Strong Sell
0,NBTX,Strong Buy
0,NCPL,Strong Sell
0,NBTB,Strong Sell
0,NBST,Strong Sell
0,NBSE,Strong Sell
0,NBR,Strong Buy
0,NBN,Strong Sell
0,NBIX,Strong Buy
0,NBHC,Strong Sell
0,NCNO,Strong Sell
0,NCRA,Strong Sell
0,NEOG,Strong Sell
0,NDSN,Strong Sell
0,NEN,Strong Buy
0,NEM,Strong Buy
0,NEGG,Strong Sell
0,NEE,Strong Buy
0,NECB,Strong Sell
0,NEA,Strong Sell
0,NE,Strong Buy
0,NDRA,Strong Sell
0,NCSM,Strong Buy
0,NDP,Strong Buy
0,NDMO,Strong Buy
0,NDLS,Strong Sell
0,NDAQ,Strong Sell
0,NCZ,Strong Sell
0,NCV,Strong Sell
0,NCTY,Strong Buy
0,NBH,Strong Sell
0,NBB,Strong Sell
0,NB,Strong Buy
0,MYNA,Buy
0,MYSZ,Strong Buy
0,MYRG,Strong Buy
0,MYPSW,Strong Buy
0,MYPS,Strong Buy
0,MYO,Strong Sell
0,MYNZ,Strong Buy
0,MYND,Strong Sell
0,MYN,Strong Sell
0,NAZ,Strong Sell
0,MYMD,Strong Sell
0,MYI,Strong Sell
0,MYGN,Strong Sell
0,MYFW,Strong Sell
0,MYE,Strong Sell
0,MYD,Strong Sell
0,MXL,Strong Buy
0,MYTE,Strong Sell
0,NA,Strong Sell
0,NAAS,Strong Sell
0,NABL,Strong Sell
0,NAVI,Strong Sell
0,NAUT,Strong Sell
0,NATR,Strong Sell
0,NATH,Strong Sell
0,NAT,Strong Buy
0,NARI,Strong Sell
0,NAPA,Strong Sell
0,NAOV,Strong Sell
0,NAN,Strong Sell
0,NAMSW,Strong Sell
0,NAMS,Strong Sell
0,NAK,Strong Buy
0,NAII,Strong Buy
0,NAD,Strong Sell
0,NAC,Strong Sell
0,NEO,Strong Sell
0,NEON,Strong Sell
0,MXE,Strong Buy
0,NJR,Buy
0,NL,Strong Buy
0,NKX,Strong Sell
0,NKTX,Strong Sell
0,NKTR,Strong Buy
0,NKSH,Strong Sell
0,NKLA,Strong Buy
0,NKE,Strong Sell
0,NIVF,Strong Sell
0,NLSPW,Strong Buy
0,NIU,Strong Buy
0,NITO,Strong Sell
0,NISN,Strong Buy
0,NIO,Strong Sell
0,NINE,Strong Buy
0,NIM,Strong Sell
0,NIE,Strong Buy
0,NLSP,Strong Sell
0,NLY,Strong Sell
0,NEOV,Strong Buy
0,NMR,Strong Sell
0,NNBR,Strong Sell
0,NN,Strong Buy
0,NMZ,Strong Sell
0,NMTC,Strong Buy
0,NMT,Strong Sell
0,NMS,Strong Sell
0,NMRK,Strong Buy
0,NMM,Strong Buy
0,NMAI,Strong Sell
0,NML,Strong Buy
0,NMIH,Strong Sell
0,NMI,Strong Sell
0,NMHI,Strong Sell
0,NMG,Strong Sell
0,NMFC,Strong Buy
0,NMCO,Strong Sell
0,NICK,Strong Buy
0,NICE,Strong Sell
0,NIC,Strong Sell
0,NEWTL,Strong Sell
0,NFE,Strong Sell
0,NFBK,Strong Sell
0,NEXT,Strong Buy
0,NEXN,Strong Buy
0,NEXI,Strong Sell
0,NEXA,Strong Buy
0,NEWTZ,Buy
0,NEWT,Strong Buy
0,NI,Strong Sell
0,NEWP,Strong Buy
0,NEUE,Strong Sell
0,NEU,Strong Sell
0,NET,Strong Buy
0,NERV,Strong Buy
0,NEPH,Strong Sell
0,NEP,Strong Sell
0,NFG,Strong Sell
0,NFGC,Strong Buy
0,NFJ,Strong Sell
0,NFLX,Strong Buy
0,NHTC,Strong Buy
0,NHS,Strong Buy
0,NHI,Strong Sell
0,NHC,Strong Buy
0,NGVT,Strong Sell
0,NGVC,Strong Sell
0,NGS,Strong Buy
0,NGNE,Strong Sell
0,NGMS,Strong Sell
0,NGM,Strong Sell
0,NGL,Strong Buy
0,NGG,Strong Sell
0,NGD,Strong Buy
0,NG,Strong Buy
0,NFYS,Strong Sell
0,MXF,Strong Buy
0,MXCT,Strong Sell
0,OXLCP,Strong Buy
0,MORF,Strong Sell
0,MPA,Strong Sell
0,MP,Strong Sell
0,MOVE,Strong Buy
0,MOV,Strong Buy
0,MOTS,Strong Buy
0,MOS,Strong Buy
0,MORN,Strong Buy
0,MOR,Strong Sell
0,MPB,Strong Sell
0,MOND,Strong Sell
0,MOMO,Strong Sell
0,MOLN,Strong Sell
0,MOH,Strong Sell
0,MOGU,Strong Sell
0,MOGO,Strong Buy
0,MOFG,Strong Sell
0,MPAA,Strong Sell
0,MPC,Strong Buy
0,MREO,Strong Buy
0,MQT,Strong Sell
0,MRCY,Strong Sell
0,MRCC,Strong Buy
0,MRC,Strong Buy
0,MRBK,Strong Sell
0,MRAM,Strong Sell
0,MRAI,Strong Sell
0,MQY,Strong Buy
0,MQ,Buy
0,MPLN,Strong Buy
0,MPX,Strong Sell
0,MPWR,Strong Sell
0,MPW,Strong Sell
0,MPV,Strong Sell
0,MPU,Strong Sell
0,MPTI,Strong Sell
0,MPLX,Strong Buy
0,MODV,Strong Buy
0,MODN,Strong Sell
0,MODG,Strong Buy
0,MMSI,Strong Sell
0,MNKD,Strong Buy
0,MNDY,Strong Sell
0,MNDO,Strong Buy
0,MMYT,Strong Buy
0,MMV,Strong Sell
0,MMU,Strong Sell
0,MMT,Strong Buy
0,MMS,Strong Sell
0,MODD,Strong Sell
0,MMM,Strong Buy
0,MMLP,Strong Buy
0,MMI,Strong Sell
0,MMD,Strong Sell
0,MMC,Strong Buy
0,MMAT,Strong Sell
0,MLYS,Strong Buy
0,MNMD,Strong Buy
0,MNOV,Strong Buy
0,MNPR,Strong Sell
0,MNRO,Strong Sell
0,MOD,Strong Buy
0,MOBX,Strong Sell
0,MOBBW,Strong Sell
0,MOB,Strong Buy
0,MO,Strong Sell
0,MNYWW,Strong Buy
0,MNY,Strong Buy
0,MNTX,Strong Sell
0,MNTS,Strong Buy
0,MNTN,Strong Buy
0,MNTK,Strong Buy
0,MNST,Strong Sell
0,MNSO,Strong Buy
0,MNSBP,Strong Sell
0,MNSB,Strong Sell
0,MRDB,Strong Buy
0,MRIN,Strong Buy
0,MXC,Strong Buy
0,MTRN,Strong Sell
0,MTZ,Strong Buy
0,MTX,Strong Sell
0,MTW,Strong Sell
0,MTUS,Strong Buy
0,MTTR,Strong Sell
0,MTSI,Strong Buy
0,MTRX,Strong Buy
0,MTR,Strong Buy
0,MUA,Buy
0,MTNB,Strong Sell
0,MTN,Strong Buy
0,MTLS,Strong Sell
0,MTH,Strong Sell
0,MTG,Strong Sell
0,MTEX,Strong Buy
0,MTEM,Strong Sell
0,MU,Strong Buy
0,MUC,Strong Sell
0,MRK,Strong Sell
0,MVF,Strong Sell
0,MX,Strong Sell
0,MWG,Strong Buy
0,MWA,Strong Sell
0,MVT,Strong Sell
0,MVST,Strong Sell
0,MVO,Strong Buy
0,MVIS,Strong Sell
0,MVBF,Strong Sell
0,MUE,Strong Sell
0,MUX,Strong Buy
0,MUSA,Strong Sell
0,MUR,Strong Buy
0,MULN,Strong Sell
0,MUJ,Strong Sell
0,MUI,Strong Sell
0,MUFG,Strong Buy
0,MTEK,Strong Buy
0,MTDR,Strong Buy
0,MTD,Strong Sell
0,MRTN,Strong Sell
0,MSB,Strong Sell
0,MSAI,Strong Buy
0,MSA,Strong Buy
0,MS,Strong Sell
0,MRVL,Strong Buy
0,MRVI,Strong Sell
0,MRUS,Strong Sell
0,MRT,Strong Buy
0,MTCH,Strong Sell
0,MRSN,Strong Sell
0,MRO,Strong Buy
0,MRNS,Strong Sell
0,MRNO,Strong Sell
0,MRNA,Strong Sell
0,MRM,Strong Buy
0,MRKR,Strong Buy
0,MSBI,Strong Sell
0,MSBIP,Strong Buy
0,MSC,Strong Buy
0,MSCI,Strong Sell
0,MTC,Strong Buy
0,MTB,Strong Sell
0,MTAL,Strong Buy
0,MTA,Strong Buy
0,MT,Strong Sell
0,MSTR,Strong Sell
0,MSSA,Sell
0,MSN,Strong Sell
0,MSM,Strong Sell
0,MSI,Strong Buy
0,MSGS,Strong Buy
0,MSGM,Strong Sell
0,MSFT,Strong Buy
0,MSEX,Strong Sell
0,MSD,Strong Sell
0,NNDM,Strong Sell
0,NNI,Strong Sell
0,NNN,Strong Sell
0,OLK,Strong Sell
0,OM,Strong Sell
0,OLPX,Strong Sell
0,OLP,Strong Buy
0,OLO,Strong Sell
0,OLN,Strong Sell
0,OLMA,Strong Sell
0,OLLI,Strong Sell
0,OLED,Strong Sell
0,OMC,Strong Sell
0,OLB,Strong Sell
0,OKYO,Strong Sell
0,OKTA,Strong Sell
0,OKE,Strong Sell
0,OIS,Strong Buy
0,OII,Strong Buy
0,OIA,Strong Sell
0,OMAB,Strong Buy
0,OMCL,Strong Sell
0,ONL,Strong Sell
0,ONB,Strong Sell
0,ONEW,Strong Sell
0,ONDS,Strong Buy
0,ONCY,Strong Buy
0,ONCT,Strong Sell
0,ONCO,Strong Buy
0,ONBPP,Strong Buy
0,ONBPO,Strong Buy
0,ON,Strong Sell
0,OMER,Strong Buy
0,OMQS,Strong Sell
0,OMIC,Strong Sell
0,OMI,Strong Sell
0,OMH,Strong Sell
0,OMGA,Strong Sell
0,OMF,Strong Sell
0,OMEX,Strong Buy
0,OI,Strong Sell
0,OHI,Strong Buy
0,OGS,Strong Sell
0,OCEA,Strong Sell
0,OCS,Strong Sell
0,OCN,Strong Sell
0,OCGN,Strong Buy
0,OCG,Strong Sell
0,OCFT,Strong Sell
0,OCFCP,Strong Buy
0,OCFC,Strong Sell
0,OCCIO,Strong Buy
0,OGN,Strong Sell
0,OCCIN,Strong Buy
0,OCCI,Strong Buy
0,OCC,Strong Buy
0,OCAX,Strong Buy
0,OC,Strong Buy
0,OBT,Strong Sell
0,OBLG,Strong Sell
0,OCSL,Strong Buy
0,OCTO,Strong Buy
0,OCUL,Strong Sell
0,OCUP,Strong Sell
0,OGI,Strong Sell
0,OGEN,Strong Sell
0,OGE,Strong Sell
0,OFSSH,Strong Sell
0,OFS,Strong Sell
0,OFLX,Strong Sell
0,OFIX,Strong Buy
0,OFG,Strong Sell
0,OESX,Strong Buy
0,OEC,Strong Buy
0,ODV,Strong Buy
0,ODP,Strong Sell
0,ODFL,Strong Buy
0,ODC,Strong Sell
0,OCX,Strong Sell
0,ONFO,Strong Sell
0,ONMD,Strong Buy
0,NNOX,Strong Buy
0,OSI,Strong Buy
0,OSW,Strong Sell
0,OSUR,Strong Sell
0,OST,Strong Sell
0,OSS,Strong Buy
0,OSPN,Strong Sell
0,OSK,Strong Buy
0,OSIS,Strong Buy
0,OSG,Strong Buy
0,OTIS,Strong Sell
0,OSCR,Strong Buy
0,OSBC,Strong Sell
0,OSA,Strong Sell
0,ORRF,Strong Sell
0,ORN,Strong Sell
0,ORMP,Strong Sell
0,ORLY,Strong Sell
0,OTEX,Strong Sell
0,OTLK,Strong Sell
0,ONON,Strong Sell
0,OWL,Strong Buy
0,OXLCO,Strong Buy
0,OXLCN,Strong Buy
0,OXLCM,Strong Buy
0,OXLCL,Strong Buy
0,OXLC,Strong Buy
0,OXBR,Strong Sell
0,OWLT,Strong Sell
0,OVV,Strong Buy
0,OTLY,Strong Sell
0,OVLY,Strong Sell
0,OVID,Strong Buy
0,OVBC,Strong Sell
0,OUT,Strong Sell
0,OUST,Strong Buy
0,OTTR,Strong Buy
0,OTRK,Strong Sell
0,ORLA,Strong Buy
0,ORIC,Strong Sell
0,ORI,Strong Buy
0,OPBK,Strong Sell
0,OPINL,Strong Buy
0,OPI,Strong Sell
0,OPHC,Strong Sell
0,OPGN,Strong Buy
0,OPFI,Strong Sell
0,OPEN,Strong Sell
0,OPCH,Strong Sell
0,OPAL,Strong Buy
0,ORGS,Strong Sell
0,OPAD,Strong Sell
0,OP,Strong Sell
0,OOMA,Strong Sell
0,ONYX,Strong Buy
0,ONVO,Strong Sell
0,ONTO,Strong Buy
0,ONTF,Strong Sell
0,OPK,Strong Buy
0,OPOF,Strong Sell
0,OPP,Strong Sell
0,OPRA,Strong Sell
0,ORGO,Strong Buy
0,ORGN,Strong Buy
0,ORCL,Strong Sell
0,ORC,Strong Sell
0,ORAN,Strong Sell
0,ORA,Strong Sell
0,OR,Strong Sell
0,OPY,Strong Sell
0,OPXS,Strong Sell
0,OPTX,Strong Sell
0,OPTT,Strong Sell
0,OPTN,Strong Sell
0,OPT,Strong Sell
0,OPRX,Strong Sell
0,OPRT,Strong Sell
0,OBK,Strong Sell
0,OBIO,Strong Sell
0,OBE,Strong Buy
0,NSP,Strong Sell
0,NTB,Strong Sell
0,NTAP,Strong Sell
0,NSYS,Strong Buy
0,NSTS,Strong Buy
0,NSSC,Strong Buy
0,NSS,Strong Sell
0,NSPR,Strong Buy
0,NSIT,Strong Buy
0,NTCT,Strong Sell
0,NSC,Strong Sell
0,NSA,Strong Sell
0,NS,Strong Sell
0,NRXP,Strong Buy
0,NRUC,Strong Buy
0,NRT,Strong Buy
0,NRSN,Strong Sell
0,NTBL,Strong Sell
0,NTES,Strong Sell
0,OBDC,Strong Buy
0,NTRP,Strong Sell
0,NUE,Strong Buy
0,NU,Strong Buy
0,NTZ,Strong Buy
0,NTWK,Strong Buy
0,NTST,Strong Sell
0,NTRSO,Strong Sell
0,NTRS,Strong Sell
0,NTRB,Strong Buy
0,NTG,Strong Buy
0,NTRA,Strong Buy
0,NTR,Strong Buy
0,NTNX,Strong Buy
0,NTLA,Strong Sell
0,NTIP,Strong Buy
0,NTIC,Strong Sell
0,NTGR,Strong Sell
0,NRP,Strong Sell
0,NRO,Strong Sell
0,NRK,Strong Sell
0,NOM,Strong Sell
0,NOVV,Strong Sell
0,NOVT,Strong Sell
0,NOVA,Strong Sell
0,NOV,Strong Buy
0,NOTV,Strong Sell
0,NOTE,Strong Buy
0,NOMD,Strong Sell
0,NOK,Strong Sell
0,NRIX,Strong Sell
0,NOG,Strong Buy
0,NODK,Strong Buy
0,NOC,Strong Sell
0,NOAH,Strong Buy
0,NOA,Sell
0,NNY,Strong Sell
0,NNVC,Strong Buy
0,NOW,Strong Buy
0,NPAB,Strong Buy
0,NPCE,Strong Buy
0,NPCT,Strong Sell
0,NRIM,Strong Buy
0,NRGV,Strong Sell
0,NRG,Strong Buy
0,NREF,Strong Sell
0,NRDY,Strong Sell
0,NRDS,Strong Sell
0,NRC,Strong Sell
0,NRBO,Strong Sell
0,NR,Strong Buy
0,NQP,Strong Sell
0,NPWR,Strong Sell
0,NPV,Strong Sell
0,NPO,Strong Buy
0,NPK,Strong Buy
0,NPFD,Strong Sell
0,NURO,Strong Sell
0,NUS,Strong Sell
0,NUTX,Strong Sell
0,NXL,Strong Buy
0,NXT,Strong Sell
0,NXST,Strong Sell
0,NXRT,Buy
0,NXPL,Strong Sell
0,NXPI,Strong Sell
0,NXP,Strong Sell
0,NXN,Strong Sell
0,NXJ,Strong Sell
0,NWS,Strong Sell
0,NXGL,Strong Sell
0,NXG,Strong Buy
0,NXE,Strong Buy
0,NXDT,Strong Sell
0,NXC,Strong Sell
0,NX,Strong Buy
0,NWTN,Sell
0,NXTC,Strong Sell
0,NXTP,Strong Sell
0,NXTT,Strong Buy
0,NXU,Strong Sell
0,OB,Strong Buy
0,OAKUU,Strong Buy
0,OABI,Strong Sell
0,O,Strong Sell
0,NZF,Strong Sell
0,NYXH,Strong Sell
0,NYT,Strong Sell
0,NYMTZ,Strong Sell
0,NYMTN,Strong Sell
0,NYMTM,Strong Buy
0,NYMTL,Strong Sell
0,NYMT,Strong Sell
0,NYCB,Strong Sell
0,NYC,Strong Buy
0,NYAX,Strong Buy
0,NWSA,Strong Sell
0,NWPX,Strong Sell
0,NUV,Strong Sell
0,NVDA,Strong Sell
0,NVMI,Strong Buy
0,NVGS,Sell
0,NVG,Strong Sell
0,NVFY,Strong Sell
0,NVEI,Strong Buy
0,NVEE,Strong Sell
0,NVEC,Strong Sell
0,NVCT,Strong Sell
0,NWN,Strong Sell
0,NVCR,Strong Sell
0,NVAX,Strong Sell
0,NUZE,Strong Sell
0,NUWE,Strong Sell
0,NUW,Strong Sell
0,NUVL,Strong Sell
0,NUVB,Strong Sell
0,NVNI,Strong Sell
0,NVNO,Strong Sell
0,NVO,Strong Sell
0,NVOS,Strong Sell
0,NWLI,Strong Sell
0,NWL,Strong Sell
0,NWG,Strong Buy
0,NWFL,Strong Sell
0,NWE,Strong Sell
0,NWBI,Strong Sell
0,NVX,Strong Buy
0,NVVE,Strong Sell
0,NVTS,Strong Sell
0,NVT,Strong Buy
0,NVST,Strong Sell
0,NVS,Strong Buy
0,NVRO,Strong Sell
0,NVRI,Strong Sell
0,NVR,Strong Sell
0,GBR,Strong Buy
0,GMGI,Strong Buy
0,GBLI,Strong Sell
0,BNTC,Strong Buy
0,BOE,Strong Sell
0,BODI,Strong Sell
0,BOCN,Strong Buy
0,BOC,Strong Sell
0,BNZI,Strong Sell
0,BNY,Strong Sell
0,BNTX,Strong Sell
0,BNS,Strong Sell
0,BNGO,Strong Sell
0,BNRG,Strong Buy
0,BNRE,Strong Sell
0,BNR,Strong Sell
0,BNOX,Strong Buy
0,BNL,Strong Sell
0,BNJ,Strong Sell
0,BNIX,Strong Sell
0,BOH,Strong Sell
0,BOKF,Strong Sell
0,BOLT,Strong Sell
0,BON,Strong Buy
0,BPTH,Strong Buy
0,BPT,Strong Buy
0,BPRN,Strong Sell
0,BPOPM,Strong Sell
0,BPOP,Strong Sell
0,BPMC,Strong Sell
0,BP,Strong Buy
0,BOXL,Strong Sell
0,BOX,Strong Sell
0,BOWL,Strong Sell
0,BOTJ,Strong Sell
0,BOSC,Strong Sell
0,BORR,Strong Sell
0,BOOT,Strong Buy
0,BOOM,Strong Sell
0,BNH,Strong Sell
0,BNED,Strong Buy
0,BPYPM,Strong Sell
0,BLK,Strong Sell
0,BLUA,Strong Buy
0,BLTE,Strong Buy
0,BLRX,Strong Sell
0,BLNK,Strong Sell
0,BLND,Strong Sell
0,BLMN,Strong Sell
0,BLKB,Strong Sell
0,BLIN,Strong Buy
0,BNAI,Strong Buy
0,BLFY,Strong Sell
0,BLFS,Strong Sell
0,BLEU,Strong Buy
0,BLE,Strong Sell
0,BLDR,Strong Buy
0,BLDP,Strong Buy
0,BLDE,Strong Buy
0,BLUE,Strong Sell
0,BLW,Strong Sell
0,BLX,Strong Buy
0,BLZE,Strong Buy
0,BN,Strong Sell
0,BMY,Strong Sell
0,BMTX,Strong Buy
0,BMRN,Strong Sell
0,BMRC,Strong Sell
0,BMRA,Strong Sell
0,BMR,Strong Sell
0,BMO,Strong Buy
0,BMN,Strong Buy
0,BMI,Buy
0,BMEZ,Strong Sell
0,BMEA,Strong Sell
0,BME,Strong Sell
0,BMBL,Strong Sell
0,BMA,Strong Buy
0,BPTS,Strong Sell
0,BPYPN,Strong Buy
0,BLCO,Strong Sell
0,BSY,Strong Sell
0,BTCT,Strong Sell
0,BTCS,Strong Sell
0,BTCM,Strong Sell
0,BTBT,Strong Sell
0,BTBD,Strong Sell
0,BTAI,Strong Sell
0,BTA,Strong Sell
0,BSX,Strong Buy
0,BSFC,Strong Sell
0,BSVN,Strong Sell
0,BSTZ,Strong Sell
0,BST,Strong Sell
0,BSRR,Strong Sell
0,BSM,Strong Buy
0,BSL,Strong Sell
0,BSIG,Strong Buy
0,BTCY,Strong Sell
0,BTDR,Strong Buy
0,BTE,Strong Buy
0,BTG,Strong Buy
0,BUSE,Strong Sell
0,BURU,Strong Buy
0,BURL,Strong Sell
0,BUR,Strong Sell
0,BUI,Strong Sell
0,BUD,Strong Sell
0,BTZ,Strong Sell
0,BTU,Strong Sell
0,BTTR,Strong Buy
0,BTT,Strong Sell
0,BTOG,Strong Buy
0,BTO,Strong Sell
0,BTMD,Strong Buy
0,BTM,Strong Sell
0,BTI,Strong Sell
0,BSGM,Strong Sell
0,BSET,Strong Sell
0,BRDG,Strong Sell
0,BRKL,Strong Sell
0,BRKH,Strong Buy
0,BRID,Strong Buy
0,BRFS,Strong Buy
0,BRFH,Strong Sell
0,BREZ,Strong Buy
0,BREA,Strong Buy
0,BRCC,Strong Buy
0,BSBR,Strong Sell
0,BRC,Strong Buy
0,BRBS,Strong Sell
0,BRBR,Strong Sell
0,BRAG,Strong Buy
0,BRAC,Strong Buy
0,BR,Strong Buy
0,BPYPP,Strong Sell
0,BRKR,Strong Sell
0,BRLS,Sell
0,BRLT,Strong Sell
0,BRN,Strong Buy
0,BSBK,Strong Sell
0,BSAC,Strong Sell
0,BRZE,Strong Sell
0,BRY,Strong Buy
0,BRX,Strong Sell
0,BRW,Strong Buy
0,BRTX,Strong Sell
0,BRT,Strong Buy
0,BRSP,Strong Sell
0,BRSH,Strong Sell
0,BRP,Strong Sell
0,BROS,Strong Buy
0,BROG,Strong Sell
0,BRO,Strong Sell
0,BRNS,Strong Buy
0,BLD,Strong Buy
0,BLBX,Strong Buy
0,BVFL,Strong Sell
0,BECN,Strong Buy
0,BENF,Strong Sell
0,BEN,Strong Sell
0,BELFB,Strong Buy
0,BELFA,Strong Buy
0,BEKE,Strong Sell
0,BEEM,Strong Sell
0,BEDU,Strong Sell
0,BEAT,Strong Sell
0,BDJ,Strong Sell
0,BEAM,Strong Sell
0,BE,Strong Buy
0,BDX,Strong Buy
0,BDTX,Strong Buy
0,BDSX,Strong Sell
0,BDRX,Strong Sell
0,BDN,Strong Sell
0,BEP,Strong Sell
0,BEPC,Strong Sell
0,BEPH,Strong Sell
0,BEPI,Buy
0,BFST,Strong Sell
0,BFS,Strong Sell
0,BFRI,Strong Buy
0,BFRG,Strong Buy
0,BFLY,Strong Sell
0,BFK,Strong Sell
0,BFIN,Strong Sell
0,BFI,Strong Sell
0,BFH,Strong Sell
0,BFC,Strong Sell
0,BFAM,Buy
0,BFAC,Strong Buy
0,BETR,Strong Sell
0,BEST,Buy
0,BERY,Strong Sell
0,BDL,Strong Buy
0,BDC,Strong Sell
0,BG,Strong Buy
0,BBW,Strong Sell
0,BCAT,Strong Sell
0,BCAN,Strong Sell
0,BCAL,Strong Sell
0,BCAB,Strong Buy
0,BC,Strong Sell
0,BBY,Strong Sell
0,BBWI,Strong Sell
0,BBVA,Strong Sell
0,BCYC,Strong Sell
0,BBUC,Strong Sell
0,BBU,Strong Sell
0,BBSI,Strong Sell
0,BBN,Strong Sell
0,BBLGW,Strong Sell
0,BBLG,Strong Sell
0,BBIO,Strong Sell
0,BCBP,Strong Sell
0,BCC,Strong Buy
0,BCDA,Strong Sell
0,BCE,Strong Sell
0,BCX,Strong Buy
0,BCV,Strong Sell
0,BCTX,Strong Sell
0,BCSF,Strong Buy
0,BCSAU,Strong Sell
0,BCSA,Strong Buy
0,BCS,Strong Buy
0,BCRX,Strong Sell
0,BCPC,Strong Sell
0,BCOW,Strong Buy
0,BCOV,Strong Sell
0,BCO,Strong Sell
0,BCML,Strong Buy
0,BCLI,Strong Buy
0,BCH,Strong Buy
0,BFZ,Strong Sell
0,BGB,Strong Sell
0,BLBD,Strong Sell
0,BIPC,Strong Sell
0,BIVI,Strong Sell
0,BITF,Strong Sell
0,BITE,Strong Buy
0,BIT,Strong Sell
0,BIRD,Strong Buy
0,BIPI,Strong Buy
0,BIPH,Strong Buy
0,BIP,Strong Sell
0,BIGZ,Strong Sell
0,BIOX,Strong Sell
0,BIOR,Strong Sell
0,BIOL,Strong Sell
0,BIO,Strong Sell
0,BIMI,Strong Sell
0,BILL,Strong Sell
0,BILI,Strong Sell
0,BJ,Strong Buy
0,BJDX,Strong Sell
0,BJRI,Strong Sell
0,BK,Strong Sell
0,BLAC,Strong Buy
0,BL,Strong Sell
0,BKYI,Strong Sell
0,BKU,Strong Sell
0,BKTI,Buy
0,BKT,Strong Sell
0,BKSY,Strong Buy
0,BKR,Strong Buy
0,BKNG,Strong Buy
0,BKN,Strong Sell
0,BKKT,Strong Sell
0,BKH,Strong Sell
0,BKE,Strong Sell
0,BKDT,Strong Buy
0,BKD,Strong Buy
0,BIIB,Strong Sell
0,BIGC,Strong Sell
0,BGC,Strong Buy
0,BGT,Strong Sell
0,BHB,Strong Sell
0,BHAT,Strong Buy
0,BHAC,Strong Buy
0,BH,Strong Buy
0,BGY,Strong Sell
0,BGXX,Strong Buy
0,BGX,Strong Sell
0,BGSF,Strong Sell
0,BIG,Strong Sell
0,BGS,Strong Sell
0,BGR,Strong Buy
0,BGNE,Strong Sell
0,BGLC,Strong Sell
0,BGI,Strong Sell
0,BGH,Strong Buy
0,BGFV,Strong Sell
0,BHC,Strong Buy
0,BHE,Strong Buy
0,BHF,Strong Buy
0,BHFAL,Strong Buy
0,BIDU,Strong Sell
0,BIAF,Strong Buy
0,BHVN,Strong Sell
0,BHV,Strong Buy
0,BHRB,Strong Buy
0,BHR,Strong Buy
0,BHP,Strong Sell
0,BHM,Strong Sell
0,BHLB,Strong Sell
0,BHK,Strong Sell
0,BHIL,Strong Sell
0,BHFAP,Strong Buy
0,BHFAO,Strong Buy
0,BHFAN,Strong Sell
0,BHFAM,Strong Sell
0,BV,Strong Buy
0,BVN,Strong Buy
0,BBDO,Strong Buy
0,CHI,Strong Buy
0,CHMI,Strong Sell
0,CHMG,Strong Sell
0,CHKP,Strong Buy
0,CHKEZ,Strong Buy
0,CHKEW,Strong Buy
0,CHKEL,Strong Buy
0,CHK,Strong Buy
0,CHH,Strong Sell
0,CHCI,Strong Buy
0,CHGG,Strong Sell
0,CHEK,Strong Sell
0,CHEF,Strong Sell
0,CHE,Strong Sell
0,CHDN,Strong Sell
0,CHD,Strong Sell
0,CHCT,Strong Sell
0,CHN,Strong Buy
0,CHNR,Strong Sell
0,CHPT,Strong Sell
0,CHR,Strong Buy
0,CHX,Strong Buy
0,CHWY,Strong Buy
0,CHW,Strong Buy
0,CHUY,Strong Sell
0,CHTR,Strong Sell
0,CHT,Strong Sell
0,CHSN,Strong Buy
0,CHSCP,Strong Sell
0,CHSCO,Strong Buy
0,CHSCN,Strong Sell
0,CHSCM,Strong Sell
0,CHSCL,Sell
0,CHRW,Strong Sell
0,CHRS,Strong Buy
0,CHRD,Strong Buy
0,CHCO,Strong Sell
0,CHAA,Strong Sell
0,CI,Strong Sell
0,CERT,Strong Buy
0,CFB,Strong Sell
0,CF,Strong Buy
0,CEVA,Strong Sell
0,CEV,Sell
0,CETY,Strong Buy
0,CETX,Strong Sell
0,CET,Strong Sell
0,CERS,Strong Buy
0,CGTX,Strong Buy
0,CERO,Strong Sell
0,CERE,Strong Sell
0,CEPU,Strong Buy
0,CENX,Strong Buy
0,CENTA,Strong Sell
0,CENT,Strong Sell
0,CENN,Strong Buy
0,CFBK,Strong Sell
0,CFFI,Strong Sell
0,CFFN,Strong Sell
0,CFFS,Strong Sell
0,CGO,Strong Sell
0,CGNX,Strong Sell
0,GBIO,Strong Sell
0,CGEN,Strong Sell
0,CGEM,Strong Sell
0,CGC,Strong Buy
0,CGBD,Strong Buy
0,CGAU,Strong Buy
0,CGABL,Strong Sell
0,CGA,Strong Buy
0,CG,Strong Buy
0,CFSB,Strong Buy
0,CFR,Strong Sell
0,CFLT,Strong Sell
0,CFG,Strong Sell
0,CHY,Strong Sell
0,CIA,Strong Buy
0,CELZ,Strong Buy
0,CLPT,Strong Sell
0,CLST,Strong Buy
0,CLSK,Strong Sell
0,CLSD,Strong Sell
0,CLS,Strong Buy
0,CLRO,Strong Sell
0,CLRC,Strong Buy
0,CLRB,Strong Sell
0,CLPS,Strong Sell
0,CLLS,Strong Sell
0,CLPR,Strong Sell
0,CLOV,Strong Sell
0,CLOE,Strong Buy
0,CLNN,Strong Sell
0,CLNE,Strong Sell
0,CLMT,Strong Buy
0,CLMB,Strong Sell
0,CLVR,Strong Buy
0,CLVRW,Strong Buy
0,CLVT,Strong Sell
0,CLW,Strong Sell
0,CMG,Strong Buy
0,CME,Strong Sell
0,CMCT,Strong Sell
0,CMCSA,Strong Sell
0,CMCO,Strong Sell
0,CMCM,Strong Buy
0,CMCL,Strong Buy
0,CMCA,Strong Sell
0,CMC,Strong Sell
0,CMBM,Strong Sell
0,CMAX,Strong Sell
0,CMA,Strong Sell
0,CM,Strong Sell
0,CLX,Strong Sell
0,CLWT,Strong Buy
0,CLM,Strong Buy
0,CLIR,Strong Buy
0,CIB,Strong Buy
0,CINF,Strong Sell
0,CIVB,Buy
0,CITE,Strong Sell
0,CISO,Strong Buy
0,CION,Strong Buy
0,CIO,Strong Sell
0,CINT,Strong Buy
0,CING,Strong Sell
0,CIM,Strong Sell
0,CLH,Strong Buy
0,CIK,Strong Sell
0,CII,Strong Sell
0,CIGI,Strong Sell
0,CIG,Strong Buy
0,CIFR,Strong Sell
0,CIF,Strong Buy
0,CIEN,Strong Sell
0,CIVI,Strong Buy
0,CIX,Strong Buy
0,CJET,Strong Sell
0,CJJD,Strong Sell
0,CLGN,Strong Sell
0,CLFD,Strong Sell
0,CLF,Strong Sell
0,CLEU,Strong Sell
0,CLDX,Strong Sell
0,CLDT,Strong Sell
0,CLDI,Strong Sell
0,CLCO,Strong Sell
0,CLBT,Strong Buy
0,CLBK,Strong Sell
0,CLB,Strong Buy
0,CLAR,Strong Sell
0,CL,Strong Sell
0,CKX,Strong Buy
0,CKPT,Strong Sell
0,CEM,Strong Buy
0,CELU,Strong Buy
0,BVS,Strong Sell
0,CAG,Strong Buy
0,CALX,Strong Sell
0,CALT,Strong Buy
0,CALM,Strong Buy
0,CALB,Strong Buy
0,CAL,Strong Sell
0,CAKE,Strong Sell
0,CAH,Strong Sell
0,CAF,Strong Buy
0,CABA,Strong Buy
0,CAE,Strong Sell
0,CADL,Strong Buy
0,CADE,Strong Sell
0,CACO,Strong Buy
0,CACI,Strong Buy
0,CACC,Strong Sell
0,CAC,Strong Sell
0,CAMP,Strong Buy
0,CAMT,Strong Sell
0,CAN,Strong Sell
0,CANF,Strong Buy
0,CASS,Strong Sell
0,CASI,Strong Sell
0,CASH,Strong Buy
0,CARV,Strong Buy
0,CARS,Strong Buy
0,CARR,Strong Sell
0,CARM,Strong Sell
0,CARG,Strong Buy
0,CARE,Strong Sell
0,CARA,Strong Sell
0,CAR,Strong Sell
0,CAPT,Strong Sell
0,CAPR,Strong Sell
0,CAPL,Strong Sell
0,CANG,Strong Buy
0,CABO,Strong Sell
0,CAAS,Strong Buy
0,CAT,Strong Buy
0,BWG,Strong Sell
0,BXC,Strong Buy
0,BX,Strong Sell
0,BWXT,Strong Sell
0,BWSN,Strong Buy
0,BWNB,Strong Buy
0,BWMX,Strong Sell
0,BWMN,Strong Sell
0,BWFG,Strong Sell
0,CAAP,Strong Buy
0,BWEN,Strong Buy
0,BWBBP,Strong Buy
0,BWB,Strong Buy
0,BWAY,Sell
0,BWAQ,Strong Buy
0,BWA,Strong Sell
0,BW,Strong Sell
0,BXMT,Strong Sell
0,BXMX,Strong Sell
0,BXP,Strong Sell
0,BXSL,Strong Buy
0,C,Strong Sell
0,BZUN,Strong Buy
0,BZH,Strong Sell
0,BZFD,Strong Sell
0,BZ,Strong Buy
0,BYU,Strong Sell
0,BYSI,Strong Sell
0,BYRN,Strong Sell
0,BYON,Strong Sell
0,BYNO,Strong Sell
0,BYND,Strong Sell
0,BYM,Strong Sell
0,BYFC,Strong Sell
0,BYD,Strong Sell
0,BY,Strong Sell
0,CASY,Strong Buy
0,CATC,Strong Sell
0,CELH,Strong Buy
0,CCU,Strong Buy
0,CDNA,Strong Sell
0,CDMO,Strong Sell
0,CDLX,Strong Sell
0,CDIO,Strong Sell
0,CDE,Strong Buy
0,CDAQ,Strong Buy
0,CCZ,Strong Sell
0,CCTS,Strong Sell
0,CCM,Strong Buy
0,CCSI,Strong Sell
0,CCS,Strong Sell
0,CCRN,Strong Sell
0,CCRD,Strong Sell
0,CCOI,Strong Sell
0,CCO,Strong Sell
0,CCNEP,Strong Sell
0,CDNS,Strong Sell
0,CDP,Strong Sell
0,CDRE,Strong Buy
0,CDRO,Strong Buy
0,CELC,Strong Sell
0,CEIX,Strong Sell
0,CEI,Strong Buy
0,CEG,Strong Buy
0,CEE,Strong Buy
0,CECO,Strong Buy
0,CEAD,Strong Sell
0,CE,Strong Sell
0,CDZIP,Strong Sell
0,CDZI,Strong Sell
0,CDXS,Strong Sell
0,CDXC,Strong Buy
0,CDW,Strong Buy
0,CDTX,Strong Buy
0,CDT,Strong Sell
0,CCNE,Strong Sell
0,CCLDP,Strong Buy
0,CATO,Strong Sell
0,CBH,Strong Buy
0,CBSH,Strong Buy
0,CBRL,Strong Sell
0,CBRG,Strong Sell
0,CBRE,Strong Buy
0,CBOE,Strong Sell
0,CBNK,Strong Sell
0,CBL,Strong Sell
0,CBFV,Strong Sell
0,CCLDO,Strong Buy
0,CBD,Strong Sell
0,CBAT,Strong Sell
0,CBAN,Strong Sell
0,CB,Strong Sell
0,CAUD,Strong Buy
0,CATY,Strong Sell
0,CATX,Strong Buy
0,CBT,Strong Buy
0,CBU,Strong Sell
0,CBUS,Strong Sell
0,CBZ,Strong Sell
0,CCLD,Strong Buy
0,CCL,Strong Sell
0,CCK,Strong Sell
0,CCJ,Strong Buy
0,CCIF,Strong Sell
0,CCI,Strong Sell
0,CCEP,Strong Sell
0,CCEL,Strong Sell
0,CCD,Strong Sell
0,CCCS,Strong Sell
0,CCCC,Strong Sell
0,CCBG,Strong Sell
0,CCB,Strong Buy
0,CCAP,Strong Sell
0,CC,Strong Sell
0,BBGI,Strong Sell
0,BBDC,Strong Buy
0,CMLS,Strong Sell
0,AJX,Strong Buy
0,AKR,Strong Sell
0,AKLI,Strong Sell
0,AKBA,Strong Sell
0,AKAN,Strong Sell
0,AKAM,Strong Sell
0,AKA,Strong Sell
0,AJXA,Strong Sell
0,AJG,Strong Sell
0,AIRT,Strong Buy
0,AIZN,Strong Buy
0,AIZ,Strong Sell
0,AIXI,Strong Buy
0,AIV,Strong Sell
0,AIU,Strong Sell
0,AIT,Strong Buy
0,AISP,Strong Buy
0,AKRO,Strong Sell
0,AKTS,Sell
0,AKTX,Strong Sell
0,AKYA,Strong Sell
0,ALGN,Strong Sell
0,ALGM,Strong Buy
0,ALG,Strong Sell
0,ALEX,Strong Sell
0,ALEC,Strong Sell
0,ALE,Strong Sell
0,ALDX,Strong Buy
0,ALCO,Strong Sell
0,ALCE,Strong Buy
0,ALCC,Strong Buy
0,ALC,Strong Buy
0,ALBT,Strong Sell
0,ALB,Strong Sell
0,ALAR,Strong Buy
0,AL,Strong Sell
0,AIRTP,Strong Sell
0,AIRS,Strong Sell
0,ALGT,Strong Sell
0,AGRI,Strong Buy
0,AHG,Strong Buy
0,AHCO,Strong Sell
0,AGYS,Strong Sell
0,AGX,Strong Sell
0,AGTI,Strong Sell
0,AGS,Strong Buy
0,AGRO,Strong Buy
0,AGR,Strong Sell
0,AIRJ,Strong Buy
0,AGO,Strong Sell
0,AGNCP,Strong Sell
0,AGNCO,Strong Sell
0,AGNCN,Strong Buy
0,AGNCM,Strong Sell
0,AGNCL,Strong Sell
0,AGNC,Strong Sell
0,AHH,Strong Buy
0,AHT,Strong Buy
0,AI,Strong Sell
0,AIB,Strong Buy
0,AIRI,Strong Buy
0,AIRG,Sell
0,AIRC,Strong Sell
0,AIR,Strong Buy
0,AIP,Strong Sell
0,AIO,Buy
0,AINC,Strong Buy
0,AIN,Strong Sell
0,AIMD,Strong Buy
0,AIMAU,Strong Sell
0,AIM,Strong Buy
0,AIHS,Strong Sell
0,AIH,Strong Buy
0,AIG,Strong Sell
0,AIF,Strong Sell
0,ALGS,Strong Buy
0,ALHC,Strong Sell
0,AGM,Strong Sell
0,AME,Strong Buy
0,AMLI,Strong Buy
0,AMKR,Strong Sell
0,AMK,Strong Sell
0,AMH,Strong Sell
0,AMGN,Strong Sell
0,AMG,Strong Buy
0,AMED,Strong Buy
0,AMD,Strong Sell
0,AMAT,Strong Buy
0,AMCX,Strong Sell
0,AMCR,Strong Sell
0,AMC,Strong Sell
0,AMBP,Strong Buy
0,AMBO,Strong Sell
0,AMBI,Strong Sell
0,AMBC,Strong Buy
0,AMLX,Strong Sell
0,AMN,Strong Sell
0,AMP,Buy
0,AMPE,Strong Buy
0,AMSF,Strong Sell
0,AMSC,Strong Sell
0,AMS,Strong Buy
0,AMRX,Strong Buy
0,AMRN,Strong Buy
0,AMRK,Strong Buy
0,AMRC,Strong Sell
0,AMR,Strong Sell
0,AMPY,Strong Buy
0,AMPX,Strong Sell
0,AMPS,Strong Sell
0,AMPL,Strong Sell
0,AMPH,Strong Sell
0,AMPGW,Strong Buy
0,AMPG,Strong Buy
0,AMBA,Strong Sell
0,AMAL,Strong Sell
0,ALIM,Strong Sell
0,ALLO,Strong Sell
0,ALPN,Strong Sell
0,ALOT,Strong Buy
0,ALNY,Strong Buy
0,ALNT,Strong Sell
0,ALLY,Strong Sell
0,ALLT,Strong Buy
0,ALLR,Strong Sell
0,ALLK,Strong Sell
0,AM,Strong Buy
0,ALLG,Strong Sell
0,ALLE,Strong Sell
0,ALL,Strong Buy
0,ALKT,Strong Buy
0,ALKS,Strong Sell
0,ALK,Strong Buy
0,ALIT,Strong Sell
0,ALPP,Strong Buy
0,ALRM,Strong Sell
0,ALRN,Strong Sell
0,ALRS,Strong Sell
0,ALZN,Strong Sell
0,ALXO,Strong Buy
0,ALX,Strong Sell
0,ALVR,Strong Sell
0,ALVO,Strong Sell
0,ALV,Strong Buy
0,ALUR,Sell
0,ALTR,Buy
0,ALTO,Strong Buy
0,ALTM,Strong Sell
0,ALTI,Strong Sell
0,ALTG,Strong Buy
0,ALT,Strong Sell
0,ALSN,Strong Buy
0,ALSA,Strong Buy
0,AGMH,Strong Buy
0,AGL,Strong Sell
0,AMSWA,Strong Buy
0,ACGLN,Strong Buy
0,ACIC,Strong Buy
0,ACI,Strong Sell
0,ACHV,Strong Sell
0,ACHR,Strong Sell
0,ACHL,Strong Sell
0,ACHC,Strong Sell
0,ACGLO,Strong Sell
0,ACGL,Strong Buy
0,ACAD,Strong Sell
0,ACET,Strong Sell
0,ACEL,Strong Sell
0,ACDC,Strong Buy
0,ACCO,Strong Sell
0,ACCD,Strong Sell
0,ACBAU,Strong Buy
0,ACBA,Strong Buy
0,ACIU,Strong Sell
0,ACIW,Strong Sell
0,ACLS,Strong Sell
0,ACLX,Strong Sell
0,ACTG,Strong Sell
0,ACT,Strong Sell
0,ACST,Strong Sell
0,ACRV,Strong Sell
0,ACRS,Strong Sell
0,ACRE,Strong Sell
0,ACR,Strong Buy
0,ACP,Strong Sell
0,ACOR,Strong Sell
0,ACON,Strong Sell
0,ACNB,Strong Sell
0,ACN,Strong Sell
0,ACMR,Strong Buy
0,ACM,Strong Sell
0,ACB,Strong Buy
0,ACAC,Buy
0,ACV,Strong Sell
0,AAN,Strong Sell
0,ABAT,Strong Buy
0,AB,Strong Sell
0,AAT,Strong Sell
0,AAP,Strong Sell
0,AAON,Strong Buy
0,AAOI,Strong Sell
0,AAME,Strong Sell
0,ACAB,Strong Sell
0,AAMC,Strong Buy
0,AAL,Strong Sell
0,AAGR,Strong Sell
0,AADI,Strong Sell
0,AACIU,Strong Sell
0,AACI,Strong Buy
0,AACG,Strong Buy
0,ABBV,Strong Sell
0,ABCB,Strong Sell
0,ABCL,Strong Sell
0,ABEO,Strong Sell
0,ACA,Strong Sell
0,AC,Strong Sell
0,ABVC,Strong Sell
0,ABUS,Strong Buy
0,ABTS,Strong Sell
0,ABT,Strong Sell
0,ABSI,Strong Buy
0,ABR,Strong Sell
0,ABOS,Strong Sell
0,ABNB,Strong Sell
0,ABM,Strong Sell
0,ABL,Strong Sell
0,ABIO,Strong Buy
0,ABG,Strong Sell
0,ACU,Strong Buy
0,ACVA,Strong Sell
0,AGIO,Strong Sell
0,AEVA,Strong Buy
0,AFG,Strong Sell
0,AFCG,Strong Sell
0,AFBI,Strong Sell
0,AFB,Strong Sell
0,AFAR,Strong Buy
0,AEZS,Strong Sell
0,AEYE,Strong Sell
0,AESI,Strong Buy
0,AEL,Strong Buy
0,AES,Strong Buy
0,AERT,Strong Sell
0,AER,Strong Buy
0,AEP,Strong Sell
0,AEO,Strong Sell
0,AENT,Strong Sell
0,AEMD,Strong Buy
0,AFGB,Strong Buy
0,AFGC,Strong Buy
0,AFGD,Strong Sell
0,AFGE,Strong Sell
0,AGI,Strong Buy
0,AGFY,Strong Sell
0,AGEN,Strong Sell
0,AGD,Strong Sell
0,AGCO,Strong Buy
0,AGBA,Strong Sell
0,AGAE,Buy
0,AG,Strong Buy
0,AFYA,Strong Sell
0,AFT,Strong Sell
0,AFRM,Strong Sell
0,AFRI,Strong Sell
0,AFMD,Strong Buy
0,AFL,Strong Buy
0,AFIB,Strong Sell
0,AEM,Strong Buy
0,AEIS,Strong Sell
0,ACXP,Strong Sell
0,ADIL,Strong Sell
0,ADRT,Strong Sell
0,ADPT,Strong Sell
0,ADP,Strong Sell
0,ADNT,Strong Sell
0,ADN,Strong Buy
0,ADMA,Strong Sell
0,ADM,Strong Buy
0,ADI,Strong Sell
0,AEI,Strong Sell
0,ADEA,Strong Sell
0,ADD,Strong Sell
0,ADCT,Strong Buy
0,ADC,Strong Sell
0,ADBE,Strong Sell
0,ADAP,Strong Sell
0,ADAG,Buy
0,ADSE,Strong Buy
0,ADSK,Strong Sell
0,ADT,Strong Sell
0,ADTH,Strong Sell
0,AEHR,Strong Sell
0,AEHL,Strong Sell
0,AEG,Strong Buy
0,AEFC,Strong Sell
0,AEF,Strong Sell
0,AEE,Strong Sell
0,AEAE,Strong Buy
0,AE,Strong Buy
0,ADXN,Strong Buy
0,ADX,Strong Sell
0,ADVM,Strong Sell
0,ADV,Strong Sell
0,ADUS,Strong Sell
0,ADTX,Strong Sell
0,ADTN,Strong Sell
0,AMST,Strong Sell
0,AMT,Strong Sell
0,BBD,Strong Buy
0,AUB,Strong Sell
0,AUPH,Strong Sell
0,AUMN,Strong Buy
0,AULT,Strong Sell
0,AUID,Strong Buy
0,AUGX,Strong Sell
0,AUDC,Strong Sell
0,AUBN,Strong Buy
0,AU,Strong Buy
0,ATRC,Strong Sell
0,ATXS,Strong Sell
0,ATXI,Strong Sell
0,ATXG,Strong Sell
0,ATUS,Strong Sell
0,ATSG,Strong Sell
0,ATS,Strong Sell
0,ATRO,Strong Sell
0,AUR,Strong Buy
0,AURA,Strong Sell
0,AUST,Strong Sell
0,AUTL,Strong Sell
0,AVIR,Strong Sell
0,AVHI,Strong Sell
0,AVGR,Strong Buy
0,AVGO,Strong Buy
0,AVDX,Strong Sell
0,AVDL,Strong Buy
0,AVD,Strong Sell
0,AVB,Strong Sell
0,AVAV,Strong Buy
0,AVAL,Strong Buy
0,AVAH,Strong Buy
0,AVA,Strong Sell
0,AUVIP,Strong Sell
0,AUVI,Strong Sell
0,AUUD,Strong Sell
0,ATRI,Strong Sell
0,ATRA,Strong Buy
0,AVNS,Strong Sell
0,ATEC,Strong Buy
0,ATHE,Strong Sell
0,ATHA,Strong Sell
0,ATGE,Strong Sell
0,ATEX,Strong Buy
0,ATER,Strong Buy
0,ATEN,Strong Sell
0,ATEK,Strong Buy
0,ATCOL,Strong Buy
0,ATR,Strong Sell
0,ATCH,Buy
0,ATAT,Strong Sell
0,ATAI,Strong Buy
0,ASYS,Strong Sell
0,ASXC,Strong Buy
0,ASX,Strong Buy
0,ASUR,Strong Sell
0,ATHM,Strong Sell
0,ATI,Strong Buy
0,ATIF,Strong Sell
0,ATIP,Strong Sell
0,ATOS,Strong Sell
0,ATOM,Strong Sell
0,ATO,Strong Sell
0,ATNM,Strong Buy
0,ATNI,Strong Sell
0,ATNF,Strong Buy
0,ATMVU,Strong Sell
0,ATMV,Strong Sell
0,ATMC,Strong Buy
0,ATLX,Strong Buy
0,ATLO,Strong Sell
0,ATLCP,Strong Sell
0,ATLCL,Strong Sell
0,ATLC,Strong Sell
0,ATKR,Strong Sell
0,AVK,Strong Sell
0,AVNT,Strong Sell
0,ASTR,Strong Buy
0,BACK,Strong Sell
0,BAM,Strong Sell
0,BALY,Strong Sell
0,BALL,Strong Sell
0,BAK,Strong Sell
0,BAH,Strong Sell
0,BAFN,Strong Sell
0,BAER,Strong Buy
0,BACA,Strong Buy
0,AZO,Strong Sell
0,BAC,Strong Sell
0,BABA,Strong Sell
0,BA,Strong Sell
0,B,Strong Sell
0,AZZ,Strong Buy
0,AZUL,Strong Sell
0,AZTA,Strong Sell
0,BANC,Strong Sell
0,BAND,Strong Sell
0,BANF,Strong Sell
0,BANFP,Strong Sell
0,BBCP,Strong Buy
0,BBAR,Strong Buy
0,BBAI,Strong Sell
0,BB,Strong Buy
0,BAX,Strong Sell
0,BATRK,Strong Buy
0,BATRA,Strong Buy
0,BATL,Strong Buy
0,BASE,Strong Buy
0,BARK,Buy
0,BAP,Strong Buy
0,BAOS,Strong Sell
0,BANX,Strong Sell
0,BANR,Strong Sell
0,BANL,Strong Sell
0,AZPN,Strong Buy
0,AZN,Strong Buy
0,AVNW,Strong Sell
0,AVY,Strong Sell
0,AWR,Strong Sell
0,AWP,Strong Sell
0,AWK,Strong Sell
0,AWIN,Strong Sell
0,AWI,Strong Sell
0,AWH,Strong Sell
0,AWF,Strong Sell
0,AVXL,Strong Sell
0,AZEK,Strong Buy
0,AVTX,Strong Buy
0,AVTR,Strong Buy
0,AVTE,Strong Sell
0,AVT,Strong Sell
0,AVRO,Strong Sell
0,AVPT,Strong Buy
0,AVO,Strong Buy
0,AWRE,Strong Sell
0,AWX,Strong Buy
0,AX,Strong Sell
0,AXDX,Strong Sell
0,AZ,Buy
0,AYTU,Strong Buy
0,AYRO,Strong Sell
0,AYI,Strong Buy
0,AY,Strong Sell
0,AXTI,Strong Sell
0,AXTA,Strong Sell
0,AXSM,Strong Sell
0,AXS,Strong Buy
0,AXR,Strong Sell
0,AXP,Strong Sell
0,AXON,Strong Sell
0,AXNX,Strong Sell
0,AXL,Strong Buy
0,AXGN,Strong Sell
0,ASTS,Strong Sell
0,ASTL,Strong Sell
0,AMTB,Strong Sell
0,APLMW,Strong Buy
0,APPF,Strong Sell
0,APP,Strong Buy
0,APOG,Strong Buy
0,APO,Strong Buy
0,APM,Strong Sell
0,APLT,Strong Sell
0,APLS,Strong Sell
0,APLM,Strong Sell
0,APCX,Strong Buy
0,APLE,Strong Sell
0,APLD,Strong Sell
0,API,Buy
0,APH,Strong Buy
0,APG,Strong Buy
0,APEI,Strong Sell
0,APDN,Strong Sell
0,APPN,Strong Sell
0,APPS,Strong Sell
0,APRE,Strong Sell
0,APT,Strong Buy
0,AR,Strong Buy
0,AQU,Strong Sell
0,AQST,Strong Sell
0,AQNU,Strong Sell
0,AQNB,Strong Sell
0,AQN,Strong Sell
0,AQMS,Strong Buy
0,AQB,Strong Sell
0,APYX,Strong Buy
0,APXIU,Strong Buy
0,APXI,Strong Sell
0,APWC,Strong Buy
0,APVO,Strong Sell
0,APTV,Strong Sell
0,APTO,Strong Sell
0,APD,Strong Sell
0,APCA,Strong Buy
0,ARBB,Strong Sell
0,ANDE,Strong Buy
0,ANIK,Strong Sell
0,ANGO,Strong Buy
0,ANGI,Strong Sell
0,ANGH,Strong Sell
0,ANF,Strong Sell
0,ANET,Strong Buy
0,ANEB,Strong Sell
0,ANAB,Strong Sell
0,APAM,Strong Sell
0,AN,Strong Sell
0,AMZN,Strong Buy
0,AMX,Strong Sell
0,AMWL,Strong Sell
0,AMWD,Strong Buy
0,AMTX,Strong Sell
0,AMTD,Strong Sell
0,ANIP,Strong Sell
0,ANIX,Strong Sell
0,ANNX,Strong Sell
0,ANSS,Strong Sell
0,APA,Strong Buy
0,AP,Strong Buy
0,AOUT,Strong Buy
0,AOSL,Strong Buy
0,AOS,Strong Sell
0,AORT,Strong Buy
0,AONC,Strong Sell
0,AON,Strong Sell
0,AOMR,Strong Buy
0,AOGO,Strong Buy
0,AOD,Strong Sell
0,ANY,Strong Sell
0,ANVS,Strong Sell
0,ANTX,Strong Sell
0,ANTE,Strong Buy
0,ARAY,Strong Sell
0,ARBE,Strong Sell
0,ASTI,Strong Sell
0,ASB,Strong Sell
0,ASH,Strong Sell
0,ASGN,Strong Sell
0,ASGI,Strong Sell
0,ASG,Strong Sell
0,ASCB,Strong Buy
0,ASC,Strong Buy
0,ASBA,Strong Buy
0,ASAN,Strong Sell
0,ARTL,Strong Buy
0,ASAI,Strong Sell
0,ASA,Strong Buy
0,ARYD,Strong Buy
0,ARWR,Strong Sell
0,ARW,Strong Sell
0,ARVN,Strong Sell
0,ARTW,Strong Sell
0,ASIX,Strong Buy
0,ASLE,Strong Sell
0,ASLN,Strong Sell
0,ASM,Strong Buy
0,ASTH,Strong Sell
0,ASTE,Strong Buy
0,ASTC,Strong Buy
0,ASST,Strong Sell
0,ASRV,Sell
0,ASRT,Strong Buy
0,ASR,Strong Buy
0,ASPS,Strong Sell
0,ASPN,Strong Sell
0,ASPI,Strong Sell
0,ASO,Strong Sell
0,ASNS,Buy
0,ASND,Strong Buy
0,ASML,Strong Buy
0,ASMB,Strong Buy
0,ARTNA,Strong Sell
0,ARRY,Strong Sell
0,ARBK,Strong Sell
0,ARDX,Strong Buy
0,ARGX,Strong Sell
0,ARGD,Strong Sell
0,ARES,Strong Buy
0,AREN,Strong Sell
0,AREC,Strong Buy
0,AREB,Strong Sell
0,ARE,Strong Sell
0,ARDC,Buy
0,ARRWU,Sell
0,ARCT,Strong Sell
0,ARCO,Strong Sell
0,ARCH,Strong Sell
0,ARCC,Strong Buy
0,ARCB,Strong Buy
0,ARC,Strong Sell
0,ARBKL,Strong Buy
0,ARHS,Strong Buy
0,ARI,Strong Buy
0,ARIS,Strong Buy
0,ARKO,Strong Sell
0,ARRW,Strong Buy
0,ARR,Strong Sell
0,ARQT,Strong Buy
0,ARQQW,Strong Sell
0,ARQQ,Strong Sell
0,ARQ,Strong Sell
0,AROW,Strong Sell
0,AROC,Strong Buy
0,ARMP,Strong Sell
0,ARMN,Strong Buy
0,ARMK,Strong Buy
0,ARLP,Strong Buy
0,ARLO,Strong Sell
0,ARL,Strong Sell
0,ARKR,Strong Buy
0,CMI,Strong Buy
0,CGNT,Strong Sell
0,CMMB,Strong Buy
0,ENV,Strong Buy
0,EOG,Strong Buy
0,EOD,Strong Buy
0,ENZ,Strong Sell
0,ENX,Strong Sell
0,ENVX,Strong Sell
0,ENVB,Strong Sell
0,ENVA,Strong Buy
0,ENTX,Strong Buy
0,EOLS,Strong Sell
0,ENTG,Strong Sell
0,ENTA,Strong Sell
0,ENSV,Strong Buy
0,ENSG,Strong Sell
0,ENSC,Strong Buy
0,ENS,Strong Sell
0,ENR,Strong Sell
0,EOI,Strong Buy
0,EOS,Buy
0,ELDN,Strong Sell
0,EPM,Strong Sell
0,EQC,Strong Sell
0,EQBK,Strong Buy
0,EQ,Strong Sell
0,EPSN,Strong Buy
0,EPRT,Strong Sell
0,EPR,Strong Sell
0,EPOW,Strong Sell
0,EPIX,Strong Buy
0,EOSE,Strong Buy
0,EPD,Strong Buy
0,EPC,Strong Sell
0,EPAM,Strong Sell
0,EPAC,Strong Sell
0,EP,Strong Buy
0,EOT,Strong Sell
0,EOSEW,Strong Buy
0,ENPH,Strong Sell
0,ENOV,Strong Sell
0,ENO,Strong Buy
0,ELTX,Strong Buy
0,EMBC,Strong Sell
0,EM,Strong Sell
0,ELYM,Strong Sell
0,ELVN,Strong Buy
0,ELVA,Strong Sell
0,ELV,Strong Sell
0,ELUT,Strong Sell
0,ELTK,Strong Sell
0,ENLV,Strong Buy
0,ELSE,Strong Sell
0,ELS,Strong Sell
0,ELP,Strong Buy
0,ELME,Strong Buy
0,ELMD,Strong Sell
0,ELLO,Strong Sell
0,ELF,Strong Sell
0,EMCG,Strong Buy
0,EMD,Strong Sell
0,EME,Strong Buy
0,EMF,Strong Sell
0,ENLT,Strong Sell
0,ENLC,Strong Buy
0,ENJ,Strong Sell
0,ENIC,Strong Buy
0,ENGN,Strong Sell
0,ENG,Strong Sell
0,ENFN,Strong Buy
0,ENB,Strong Sell
0,EMX,Strong Buy
0,EMR,Strong Buy
0,EMO,Strong Buy
0,EMN,Strong Sell
0,EMLD,Strong Buy
0,EML,Strong Sell
0,EMKR,Strong Sell
0,EQH,Strong Buy
0,EQIX,Strong Sell
0,EQNR,Strong Buy
0,ETV,Strong Buy
0,EURN,Strong Buy
0,EUDA,Strong Sell
0,EU,Strong Sell
0,ETY,Strong Sell
0,ETX,Strong Sell
0,ETWO,Buy
0,ETW,Strong Sell
0,ETSY,Strong Sell
0,ETD,Strong Sell
0,ETRN,Strong Sell
0,ETR,Strong Sell
0,ETON,Strong Sell
0,ETO,Strong Sell
0,ETNB,Strong Sell
0,ETN,Strong Buy
0,ETJ,Sell
0,EVA,Strong Sell
0,EVAX,Strong Buy
0,EVBG,Strong Buy
0,EVBN,Strong Sell
0,EVM,Strong Sell
0,EVLV,Strong Buy
0,EVI,Strong Sell
0,EVH,Strong Sell
0,EVGR,Strong Buy
0,EVGOW,Strong Sell
0,EVGO,Strong Sell
0,EVGN,Strong Sell
0,EVG,Strong Sell
0,EVF,Strong Buy
0,EVEX,Strong Buy
0,EVER,Strong Buy
0,EVE,Strong Buy
0,EVCM,Strong Sell
0,EVC,Strong Buy
0,ETG,Strong Buy
0,ETB,Strong Buy
0,EQR,Strong Buy
0,ERIE,Strong Sell
0,ESCA,Buy
0,ESAB,Strong Buy
0,ES,Strong Sell
0,ERO,Strong Buy
0,ERNA,Strong Sell
0,ERJ,Strong Sell
0,ERII,Strong Sell
0,ERIC,Strong Sell
0,ETAO,Strong Sell
0,ERH,Strong Sell
0,ERF,Strong Buy
0,ERC,Strong Sell
0,ERAS,Sell
0,EQX,Strong Buy
0,EQT,Strong Sell
0,EQS,Strong Buy
0,ESE,Strong Sell
0,ESEA,Strong Buy
0,ESGR,Strong Sell
0,ESGRO,Strong Sell
0,ET,Strong Buy
0,ESTC,Strong Sell
0,ESTA,Strong Buy
0,ESSA,Strong Sell
0,ESS,Strong Sell
0,ESRT,Strong Sell
0,ESQ,Strong Sell
0,ESPR,Strong Buy
0,ESP,Strong Sell
0,ESOA,Strong Sell
0,ESNT,Strong Sell
0,ESLT,Strong Sell
0,ESLA,Strong Sell
0,ESI,Strong Sell
0,ESGRP,Strong Sell
0,ELEV,Strong Sell
0,ELBM,Strong Buy
0,EVO,Strong Sell
0,DUOL,Strong Sell
0,DX,Strong Sell
0,DWSN,Strong Buy
0,DVN,Strong Buy
0,DVAX,Strong Sell
0,DVA,Strong Sell
0,DV,Strong Sell
0,DUOT,Strong Sell
0,DUO,Strong Sell
0,DXCM,Strong Buy
0,DUKB,Strong Buy
0,DUK,Strong Sell
0,DTW,Strong Buy
0,DTST,Strong Sell
0,DTSS,Strong Buy
0,DTM,Strong Buy
0,DTIL,Strong Buy
0,DXC,Strong Sell
0,DXF,Strong Sell
0,ELAN,Strong Sell
0,E,Strong Buy
0,EB,Strong Buy
0,EAT,Strong Sell
0,EAST,Strong Sell
0,EARN,Strong Sell
0,EAF,Strong Buy
0,EAD,Strong Sell
0,EA,Strong Sell
0,DZSI,Strong Sell
0,DXLG,Strong Sell
0,DYNT,Strong Sell
0,DYN,Strong Sell
0,DYAI,Strong Buy
0,DY,Strong Buy
0,DXYN,Strong Sell
0,DXR,Strong Buy
0,DXPE,Strong Buy
0,DTI,Strong Buy
0,DTG,Strong Sell
0,DTF,Strong Sell
0,DQ,Strong Sell
0,DRQ,Strong Sell
0,DRMA,Strong Buy
0,DRIO,Strong Sell
0,DRI,Strong Sell
0,DRH,Strong Sell
0,DRD,Strong Buy
0,DRCT,Strong Sell
0,DPZ,Strong Sell
0,DTE,Strong Sell
0,DPSI,Strong Buy
0,DPRO,Strong Buy
0,DPG,Strong Sell
0,DPCS,Strong Buy
0,DOYU,Strong Buy
0,DOX,Strong Sell
0,DOW,Strong Buy
0,DRRX,Strong Sell
0,DRS,Strong Sell
0,DRTS,Strong Sell
0,DRUG,Strong Sell
0,DTC,Strong Sell
0,DTB,Buy
0,DT,Strong Buy
0,DSX,Strong Buy
0,DSWL,Strong Buy
0,DSU,Strong Sell
0,DSS,Strong Buy
0,DSP,Strong Buy
0,DSM,Strong Sell
0,DSL,Strong Sell
0,DSGX,Strong Sell
0,DSGR,Strong Buy
0,DSGN,Strong Sell
0,DSAQ,Strong Sell
0,DRVN,Strong Sell
0,EBAY,Strong Sell
0,EBC,Strong Sell
0,EBF,Strong Sell
0,EFXT,Strong Buy
0,EGLE,Strong Buy
0,EGIO,Strong Buy
0,EGHT,Strong Sell
0,EGF,Strong Sell
0,EGBN,Strong Sell
0,EGAN,Strong Sell
0,EG,Strong Sell
0,EFX,Strong Sell
0,EEX,Strong Sell
0,EFTR,Strong Sell
0,EFT,Buy
0,EFSH,Strong Buy
0,EFSCP,Strong Sell
0,EFSC,Strong Sell
0,EFR,Sell
0,EFOI,Strong Sell
0,EGO,Strong Buy
0,EGP,Strong Sell
0,EGRX,Strong Buy
0,EGY,Strong Buy
0,ELA,Strong Sell
0,EL,Strong Sell
0,EKSO,Strong Buy
0,EJH,Strong Buy
0,EIX,Strong Buy
0,EIM,Strong Sell
0,EIGR,Strong Buy
0,EIG,Strong Sell
0,EICA,Strong Sell
0,EIC,Strong Sell
0,EHTH,Strong Sell
0,EHI,Strong Sell
0,EHC,Strong Buy
0,EHAB,Strong Sell
0,EH,Strong Buy
0,EFC,Strong Sell
0,EEIQ,Strong Sell
0,EBMT,Strong Sell
0,ECCC,Strong Buy
0,ECL,Strong Sell
0,ECF,Strong Sell
0,ECDA,Strong Buy
0,CMND,Strong Buy
0,ECCX,Strong Buy
0,ECCW,Strong Buy
0,ECCV,Strong Sell
0,ECC,Strong Buy
0,EEFT,Strong Sell
0,ECBK,Strong Buy
0,ECAT,Strong Sell
0,EC,Strong Buy
0,EBTC,Strong Sell
0,EBS,Strong Sell
0,EBR,Strong Sell
0,EBON,Strong Sell
0,ECOR,Strong Sell
0,ECPG,Strong Sell
0,ECVT,Strong Sell
0,ECX,Strong Sell
0,EEA,Strong Buy
0,EE,Strong Sell
0,EDUC,Strong Buy
0,EDU,Strong Sell
0,EDTK,Strong Sell
0,EDSA,Strong Buy
0,EDRY,Strong Sell
0,EDR,Strong Buy
0,EDN,Strong Buy
0,EDIT,Strong Sell
0,EDF,Strong Sell
0,EDD,Strong Sell
0,EDBL,Strong Buy
0,EDAP,Strong Buy
0,ED,Strong Sell
0,EVN,Strong Sell
0,EVOK,Strong Sell
0,DOUG,Strong Buy
0,FPL,Strong Buy
0,FRES,Strong Sell
0,FREE,Strong Sell
0,FRD,Strong Buy
0,FRBA,Strong Sell
0,FRAF,Strong Sell
0,FRA,Strong Sell
0,FR,Strong Sell
0,FPI,Strong Sell
0,FRGE,Strong Buy
0,FPH,Strong Buy
0,FPF,Strong Sell
0,FPAY,Strong Buy
0,FOXO,Strong Sell
0,FOXF,Strong Sell
0,FOXA,Strong Sell
0,FOX,Strong Sell
0,FREY,Strong Buy
0,FRGT,Strong Sell
0,FLS,Strong Buy
0,FRST,Strong Sell
0,FSD,Strong Sell
0,FSCO,Strong Buy
0,FSBW,Sell
0,FSBC,Strong Sell
0,FRZA,Buy
0,FRT,Strong Sell
0,FRSX,Strong Buy
0,FRSH,Strong Buy
0,FRHC,Strong Sell
0,FRPT,Strong Buy
0,FRPH,Strong Buy
0,FROG,Strong Sell
0,FRO,Strong Buy
0,FRMEP,Strong Sell
0,FRME,Strong Sell
0,FRLA,Strong Buy
0,FOUR,Strong Buy
0,FOSLL,Strong Buy
0,FOSL,Strong Sell
0,FMNB,Strong Sell
0,FNCB,Strong Sell
0,FNB,Strong Sell
0,FNA,Strong Sell
0,FN,Strong Sell
0,FMY,Strong Sell
0,FMX,Strong Buy
0,FMS,Strong Sell
0,FMN,Strong Sell
0,FORTY,Strong Sell
0,FMC,Strong Sell
0,FMBH,Strong Sell
0,FMAO,Strong Sell
0,FLYW,Strong Sell
0,FLXS,Strong Buy
0,FLWS,Strong Sell
0,FLUX,Strong Buy
0,FNCH,Strong Sell
0,FND,Strong Sell
0,FNF,Strong Sell
0,FNGR,Strong Buy
0,FORR,Strong Sell
0,FORM,Strong Buy
0,FORD,Strong Sell
0,FORA,Strong Sell
0,FOR,Strong Sell
0,FONR,Strong Sell
0,FOLD,Strong Buy
0,FOF,Strong Sell
0,FOA,Strong Buy
0,FNWD,Strong Sell
0,FNWB,Strong Sell
0,FNVT,Strong Buy
0,FNV,Strong Buy
0,FNLC,Strong Buy
0,FNKO,Strong Sell
0,FSEA,Strong Buy
0,FSFG,Strong Sell
0,FSI,Strong Buy
0,FXNC,Strong Buy
0,GAINN,Strong Sell
0,GAIN,Strong Sell
0,GAIA,Strong Buy
0,GABC,Strong Sell
0,GAB,Strong Sell
0,G,Strong Sell
0,FYBR,Strong Sell
0,FWRG,Strong Sell
0,FUSN,Strong Sell
0,FWRD,Strong Sell
0,FWONK,Strong Buy
0,FWONA,Strong Buy
0,FWBI,Strong Sell
0,FVRR,Strong Sell
0,FVCB,Strong Sell
0,FUV,Strong Sell
0,GAINZ,Strong Buy
0,GALT,Strong Buy
0,GAM,Strong Buy
0,GAMB,Sell
0,GBDC,Strong Buy
0,GBCI,Strong Sell
0,GBBK,Strong Buy
0,GBAB,Strong Buy
0,GB,Buy
0,GAU,Strong Buy
0,GATX,Strong Buy
0,GATO,Strong Buy
0,GATE,Strong Buy
0,GASS,Strong Buy
0,GAQ,Strong Buy
0,GANX,Strong Sell
0,GAN,Strong Buy
0,GAME,Strong Buy
0,GAMC,Strong Buy
0,FUTU,Strong Buy
0,FUSB,Strong Buy
0,FSK,Strong Buy
0,FTAI,Strong Buy
0,FTEK,Strong Buy
0,FTDR,Strong Sell
0,FTCI,Strong Buy
0,FTAIP,Strong Buy
0,FTAIO,Strong Sell
0,FTAIN,Strong Buy
0,FTAIM,Buy
0,FT,Strong Buy
0,FURY,Strong Buy
0,FSV,Strong Sell
0,FSTR,Strong Buy
0,FSS,Strong Buy
0,FSP,Strong Sell
0,FSM,Strong Buy
0,FSLY,Strong Sell
0,FSLR,Strong Buy
0,FTF,Strong Sell
0,FTFT,Strong Sell
0,FTHM,Strong Buy
0,FTHY,Strong Sell
0,FUND,Strong Buy
0,FUNC,Strong Sell
0,FUN,Buy
0,FULTP,Strong Sell
0,FULT,Strong Sell
0,FULC,Strong Sell
0,FUL,Strong Sell
0,FUFU,Strong Sell
0,FUBO,Strong Sell
0,FTV,Strong Sell
0,FTS,Strong Sell
0,FTNT,Strong Buy
0,FTLF,Strong Buy
0,FTK,Strong Buy
0,FTI,Strong Buy
0,FLUT,Strong Buy
0,FLR,Strong Buy
0,EVR,Strong Buy
0,FATH,Strong Sell
0,FBMS,Strong Sell
0,FBK,Strong Sell
0,FBIZ,Strong Sell
0,FBIOP,Strong Sell
0,FBIO,Strong Sell
0,FBIN,Strong Sell
0,FAX,Strong Sell
0,FATE,Strong Sell
0,FBP,Strong Sell
0,FATBP,Strong Sell
0,FATBB,Strong Buy
0,FAT,Buy
0,FAST,Buy
0,FARO,Strong Sell
0,FARM,Strong Sell
0,FANH,Strong Sell
0,FBNC,Strong Sell
0,FBRT,Strong Sell
0,FLO,Strong Sell
0,FCNCA,Strong Sell
0,FCUV,Strong Sell
0,FCT,Strong Sell
0,FCRX,Strong Buy
0,FCPT,Strong Sell
0,FCO,Strong Buy
0,FCNCP,Strong Sell
0,FCNCO,Strong Sell
0,FCN,Strong Sell
0,FBRX,Strong Sell
0,FCFS,Strong Sell
0,FCF,Strong Sell
0,FCEL,Strong Sell
0,FCCO,Strong Sell
0,FCBC,Strong Sell
0,FCAP,Strong Buy
0,FC,Strong Buy
0,FANG,Strong Buy
0,FAMI,Strong Buy
0,FAM,Strong Sell
0,EWBC,Strong Sell
0,EXFY,Strong Sell
0,EXEL,Strong Sell
0,EXC,Strong Sell
0,EXAS,Strong Sell
0,EXAI,Strong Sell
0,EWTX,Strong Sell
0,EWCZ,Strong Sell
0,EW,Strong Sell
0,FAF,Strong Buy
0,EVV,Strong Sell
0,EVTV,Strong Buy
0,EVTL,Strong Buy
0,EVTC,Strong Sell
0,EVT,Strong Sell
0,EVRI,Strong Sell
0,EVRG,Strong Sell
0,EXG,Strong Sell
0,EXK,Strong Buy
0,EXLS,Strong Sell
0,EXP,Buy
0,FAAS,Buy
0,FA,Strong Sell
0,F,Strong Buy
0,EZPW,Strong Sell
0,EZGO,Strong Sell
0,EZFL,Strong Buy
0,EYPT,Strong Sell
0,EYEN,Strong Sell
0,EYE,Strong Sell
0,EXTR,Strong Sell
0,EXR,Strong Buy
0,EXPO,Strong Sell
0,EXPI,Strong Sell
0,EXPE,Strong Sell
0,EXPD,Strong Sell
0,FCX,Strong Buy
0,FDBC,Strong Sell
0,FDMT,Strong Sell
0,FINV,Strong Buy
0,FITBO,Strong Buy
0,FITBI,Strong Sell
0,FITB,Strong Sell
0,FISI,Strong Sell
0,FIS,Strong Sell
0,FIP,Strong Buy
0,FINW,Strong Sell
0,FINS,Strong Sell
0,FHLTU,Strong Buy
0,FIGS,Strong Buy
0,FIF,Strong Buy
0,FICO,Strong Sell
0,FIBK,Strong Sell
0,FIAC,Strong Buy
0,FI,Strong Sell
0,FHTX,Strong Buy
0,FITBP,Strong Sell
0,FIVE,Strong Sell
0,FIVN,Strong Sell
0,FIX,Strong Buy
0,FLNT,Strong Buy
0,FLNG,Strong Sell
0,FLNC,Strong Sell
0,FLL,Strong Sell
0,FLJ,Strong Sell
0,FLIC,Strong Sell
0,FLGT,Strong Sell
0,FLGC,Strong Buy
0,FLFVU,Strong Buy
0,FLFV,Strong Buy
0,FLEX,Strong Buy
0,FLC,Strong Sell
0,FL,Strong Sell
0,FKWL,Strong Sell
0,FIZZ,Strong Buy
0,FHN,Strong Sell
0,FHLT,Strong Buy
0,FDP,Strong Sell
0,FELE,Strong Sell
0,FEXD,Strong Sell
0,FET,Strong Buy
0,FERG,Strong Buy
0,FENG,Strong Buy
0,FENC,Strong Sell
0,FEN,Strong Buy
0,FEMY,Strong Sell
0,FEIM,Strong Sell
0,FHI,Strong Buy
0,FEI,Strong Buy
0,FEDU,Strong Sell
0,FEAM,Strong Buy
0,FE,Strong Sell
0,FDX,Strong Sell
0,FDUS,Strong Buy
0,FDS,Strong Sell
0,FF,Strong Sell
0,FFA,Strong Sell
0,FFBC,Strong Sell
0,FFC,Strong Sell
0,FHB,Strong Sell
0,FGI,Strong Sell
0,FGFPP,Strong Sell
0,FGF,Strong Buy
0,FGEN,Strong Sell
0,FGBIP,Strong Buy
0,FGBI,Strong Sell
0,FGB,Strong Sell
0,FG,Strong Buy
0,FFWM,Strong Sell
0,FFNW,Strong Sell
0,FFIV,Strong Buy
0,FFIN,Strong Sell
0,FFIE,Strong Sell
0,FFIC,Strong Sell
0,DOV,Strong Buy
0,RZLT,Strong Sell
0,CUBE,Strong Buy
0,CRDF,Strong Buy
0,CZFS,Strong Buy
0,CRESY,Strong Buy
0,CZNC,Strong Sell
0,CZOO,Strong Buy
0,CZR,Buy
0,CREG,Strong Buy
0,CRDO,Strong Sell
0,CRDL,Strong Buy
0,CZWI,Strong Sell
0,D,Strong Sell
0,DAC,Strong Buy
0,DADA,Strong Sell
0,CRAI,Strong Sell
0,CRCT,Strong Buy
0,CRC,Strong Buy
0,CRBU,Strong Sell
0,DAIO,Strong Buy
0,CRBP,Strong Buy
0,DAKT,Strong Buy
0,DAL,Strong Sell
0,DALN,Strong Sell
0,DAN,Strong Buy
0,CRBG,Strong Buy
0,DAO,Sell
0,CYTO,Strong Sell
0,CREX,Strong Sell
0,CRF,Strong Buy
0,CYTK,Strong Buy
0,CRML,Sell
0,CXW,Strong Buy
0,CRMD,Strong Buy
0,CRM,Strong Buy
0,CYBN,Strong Sell
0,CYBR,Strong Sell
0,CRL,Strong Sell
0,CRKN,Strong Sell
0,CRK,Strong Sell
0,CYCC,Strong Sell
0,CYCCP,Strong Buy
0,CRIS,Strong Buy
0,CRI,Strong Sell
0,CRH,Strong Buy
0,CRGY,Strong Buy
0,CYCN,Strong Buy
0,CYD,Strong Sell
0,CYH,Strong Sell
0,CYN,Strong Sell
0,CRGO,Strong Sell
0,CYRX,Strong Buy
0,CYTH,Strong Sell
0,CYTHW,Strong Sell
0,DAR,Strong Sell
0,DARE,Strong Sell
0,COSM,Strong Sell
0,DCFC,Strong Sell
0,CPHI,Strong Sell
0,DBVT,Strong Buy
0,DBX,Strong Sell
0,CPHC,Strong Buy
0,DC,Strong Buy
0,CPG,Strong Buy
0,DCBO,Strong Sell
0,CPF,Strong Sell
0,CPB,Strong Sell
0,CTO,Strong Sell
0,DCF,Strong Buy
0,CPAC,Strong Sell
0,DASH,Strong Buy
0,CPA,Strong Sell
0,CP,Strong Sell
0,DCGO,Strong Sell
0,COYA,Strong Sell
0,COUR,Buy
0,DCI,Strong Buy
0,DCO,Strong Sell
0,DCOM,Strong Sell
0,DCOMP,Strong Buy
0,DCPH,Strong Sell
0,COTY,Strong Sell
0,CPIX,Strong Buy
0,DBRG,Strong Sell
0,CPK,Strong Sell
0,CPLP,Strong Sell
0,DATS,Strong Buy
0,DATSW,Strong Buy
0,DAVA,Strong Sell
0,DAVE,Strong Buy
0,CR,Strong Buy
0,CQP,Strong Sell
0,CPZ,Strong Buy
0,CPTN,Strong Buy
0,DAWN,Strong Sell
0,DAY,Strong Sell
0,DB,Strong Buy
0,CPT,Strong Buy
0,CPSS,Strong Buy
0,DBGI,Strong Buy
0,CPSH,Strong Sell
0,CPS,Strong Buy
0,CPRX,Strong Sell
0,CPRT,Strong Sell
0,CPRI,Strong Sell
0,DBI,Strong Sell
0,CPOP,Strong Sell
0,CPNG,Strong Buy
0,DBL,Strong Sell
0,CXT,Strong Sell
0,CXM,Strong Sell
0,CRMT,Strong Sell
0,CVCO,Strong Sell
0,CTBI,Strong Sell
0,CTBB,Strong Sell
0,CTAS,Strong Sell
0,CSX,Strong Sell
0,CURI,Strong Buy
0,CSWI,Strong Buy
0,CURV,Strong Sell
0,CUTR,Strong Buy
0,CUZ,Strong Sell
0,CVAC,Strong Buy
0,CVBF,Strong Sell
0,CVE,Strong Buy
0,CXH,Strong Sell
0,CSWC,Strong Buy
0,CVEO,Strong Buy
0,CVGI,Strong Sell
0,CSV,Strong Sell
0,CSTM,Strong Buy
0,CSTL,Strong Sell
0,CVGW,Strong Sell
0,CSTE,Strong Buy
0,CSSEP,Strong Buy
0,CVI,Strong Buy
0,CSSEN,Strong Buy
0,CULP,Strong Sell
0,CULL,Strong Buy
0,CTCX,Strong Buy
0,CTDD,Strong Buy
0,CTR,Strong Buy
0,CTRA,Strong Buy
0,CTMX,Strong Sell
0,CTM,Strong Buy
0,CTRE,Strong Buy
0,CTRM,Strong Buy
0,CTRN,Strong Sell
0,CTS,Strong Sell
0,CTLT,Strong Buy
0,CTSH,Strong Sell
0,CTSO,Strong Buy
0,CTV,Strong Sell
0,CTVA,Strong Sell
0,CTLP,Strong Sell
0,CTXR,Strong Buy
0,CUBA,Strong Sell
0,CUBB,Buy
0,CUBI,Strong Sell
0,CUE,Buy
0,CTKB,Strong Sell
0,CTHR,Strong Sell
0,CTGO,Strong Buy
0,CUK,Strong Sell
0,CVII,Strong Sell
0,CVIIU,Strong Sell
0,CSSE,Strong Buy
0,CRWS,Strong Buy
0,CRVS,Strong Sell
0,CWCO,Strong Sell
0,CRVL,Strong Sell
0,CWEN,Strong Buy
0,CRUS,Strong Buy
0,CRTO,Strong Sell
0,CWH,Strong Sell
0,CWK,Strong Buy
0,CWST,Strong Sell
0,CRT,Strong Buy
0,CRSR,Strong Sell
0,CRSP,Strong Sell
0,CWT,Strong Sell
0,CX,Strong Sell
0,CXAI,Strong Buy
0,CRS,Strong Buy
0,CROX,Strong Sell
0,CRON,Strong Sell
0,CRNX,Strong Buy
0,CRNT,Strong Buy
0,CXDO,Strong Buy
0,CXE,Strong Sell
0,CRNC,Strong Sell
0,CRWD,Strong Sell
0,CWBC,Strong Sell
0,CVKD,Strong Sell
0,CSAN,Strong Sell
0,CSR,Strong Sell
0,CSQ,Strong Sell
0,CVLG,Strong Buy
0,CVLT,Strong Buy
0,CVLY,Strong Sell
0,CVM,Strong Sell
0,CSPI,Strong Buy
0,CVNA,Strong Sell
0,CVR,Strong Sell
0,CSLM,Strong Buy
0,CVRX,Sell
0,CSL,Strong Buy
0,CSIQ,Strong Sell
0,CSGS,Strong Sell
0,CVS,Strong Sell
0,CVU,Strong Sell
0,CSGP,Strong Buy
0,CVV,Strong Buy
0,CSCO,Strong Sell
0,CSBR,Strong Sell
0,CVX,Strong Buy
0,CW,Strong Buy
0,CWAN,Strong Sell
0,COST,Strong Sell
0,CPAY,Strong Sell
0,DCTH,Strong Buy
0,DKS,Strong Sell
0,CNQ,Strong Buy
0,CNP,Strong Sell
0,DLA,Strong Sell
0,DLB,Strong Sell
0,CNOBP,Strong Sell
0,DLHC,Strong Sell
0,DLNG,Strong Buy
0,CNOB,Strong Sell
0,CNO,Strong Sell
0,DLO,Strong Buy
0,DLPN,Strong Sell
0,CNNE,Strong Sell
0,DLR,Strong Buy
0,CNMD,Strong Sell
0,DLTH,Strong Sell
0,CNM,Strong Buy
0,CNK,Strong Buy
0,CNI,Strong Sell
0,CNHI,Strong Sell
0,CNGL,Strong Sell
0,CNFR,Strong Buy
0,DLTR,Strong Sell
0,DLX,Strong Sell
0,CNS,Strong Sell
0,DKNG,Strong Buy
0,CNEY,Strong Buy
0,DKL,Strong Sell
0,CNXA,Strong Buy
0,CNX,Strong Buy
0,CNVS,Strong Sell
0,DHX,Strong Sell
0,DHY,Strong Buy
0,DIAX,Strong Sell
0,CNTY,Strong Buy
0,DIBS,Strong Sell
0,DIN,Strong Sell
0,DINO,Strong Buy
0,CNTX,Strong Sell
0,DIOD,Strong Sell
0,DIS,Strong Sell
0,CNTG,Strong Sell
0,DIST,Sell
0,DD,Strong Sell
0,CNTB,Strong Buy
0,DJCO,Strong Buy
0,CNTA,Strong Sell
0,CNSP,Strong Sell
0,CNSL,Strong Sell
0,DJT,Strong Sell
0,DK,Strong Buy
0,CNF,Strong Sell
0,CNET,Strong Buy
0,DHR,Strong Sell
0,CMSC,Strong Sell
0,DNUT,Strong Buy
0,DO,Strong Buy
0,DOC,Strong Buy
0,CMSA,Strong Sell
0,CMS,Strong Sell
0,CMRX,Strong Sell
0,DOCN,Strong Sell
0,DOCS,Strong Sell
0,DOCU,Strong Buy
0,CMRE,Strong Buy
0,DOGZ,Strong Buy
0,CMPX,Strong Sell
0,CMPS,Strong Buy
0,DOLE,Strong Sell
0,DOMA,Strong Buy
0,DOMH,Strong Buy
0,DOMO,Strong Sell
0,CMPR,Strong Buy
0,DOOO,Strong Buy
0,DOOR,Strong Sell
0,CMPO,Strong Sell
0,CMP,Strong Sell
0,DORM,Strong Sell
0,DNTH,Strong Sell
0,DNP,Strong Sell
0,DLY,Strong Buy
0,DNOW,Strong Buy
0,DM,Strong Buy
0,CNDT,Strong Sell
0,DMA,Strong Sell
0,CNDA,Strong Buy
0,CNC,Strong Sell
0,DMAC,Strong Buy
0,DMB,Strong Sell
0,DMF,Strong Sell
0,CNA,Strong Sell
0,CMU,Strong Sell
0,CMTL,Strong Sell
0,CMTG,Strong Sell
0,DMLP,Strong Buy
0,DMO,Strong Buy
0,DMRC,Strong Sell
0,CMT,Strong Sell
0,CMSD,Strong Sell
0,DMTK,Strong Sell
0,DNA,Strong Sell
0,DNB,Strong Sell
0,DNLI,Strong Sell
0,DNMR,Strong Sell
0,DNN,Strong Buy
0,DHT,Strong Sell
0,DIT,Strong Sell
0,DHIL,Strong Sell
0,DFS,Strong Sell
0,DEO,Strong Sell
0,DERM,Strong Buy
0,DESP,Strong Sell
0,DFH,Strong Buy
0,COMP,Strong Buy
0,DFIN,Strong Sell
0,DFLI,Strong Sell
0,COMM,Strong Sell
0,DFP,Strong Sell
0,COLM,Strong Sell
0,DHI,Strong Sell
0,CONN,Strong Buy
0,DG,Strong Buy
0,COLL,Strong Buy
0,DGHI,Buy
0,DGICA,Strong Sell
0,DGICB,Strong Sell
0,DGII,Strong Sell
0,DGLY,Strong Buy
0,COLD,Strong Sell
0,DGX,Strong Sell
0,COLB,Strong Sell
0,DENN,Strong Sell
0,CONX,Strong Sell
0,COKE,Strong Sell
0,DE,Strong Buy
0,DDD,Strong Sell
0,DDI,Strong Sell
0,CORT,Strong Sell
0,DDL,Strong Buy
0,COR,Strong Sell
0,COP,Strong Buy
0,DDOG,Strong Buy
0,DDS,Strong Sell
0,COOT,Strong Sell
0,DDT,Strong Buy
0,DEA,Strong Sell
0,COO,Strong Sell
0,COOP,Strong Buy
0,DECA,Strong Buy
0,COOLW,Strong Buy
0,COOLU,Strong Buy
0,DECAU,Strong Sell
0,COOL,Strong Buy
0,DECK,Strong Sell
0,DEI,Strong Sell
0,DELL,Strong Buy
0,COOK,Strong Sell
0,DH,Strong Sell
0,CTOS,Strong Sell
0,COIN,Strong Sell
0,COCH,Strong Buy
0,CODX,Strong Buy
0,COGT,Strong Sell
0,COHN,Strong Buy
0,COHR,Strong Sell
0,CODI,Strong Sell
0,CODA,Strong Buy
0,DHACU,Strong Buy
0,COCP,Strong Buy
0,COCO,Strong Buy
0,COE,Strong Sell
0,COFS,Strong Sell
0,CNXN,Strong Buy
0,DHC,Strong Buy
0,DHCNI,Strong Buy
0,CNXC,Strong Sell
0,COF,Strong Sell
0,COEP,Strong Buy
0,DHF,Strong Sell
0,DHAC,Buy
0,COHU,Strong Sell
0,PMGMU,Strong Sell
0,JTAI,Strong Sell
0,ESGL,Strong Buy
0,RENB,Strong Sell
0,LDWY,Strong Buy
0,GDHG,Strong Sell
0,PKST,Strong Sell
0,ELC,Strong Buy
0,GDTC,Strong Sell
0,JYD,Strong Sell
0,NUKK,Strong Sell
0,MSGE,Strong Buy
0,KVUE,Strong Sell
0,CRVO,Strong Sell
0,FORL,Buy
0,MGRM,Strong Sell
0,CWD,Strong Sell
0,OAKUR,Strong Buy
0,OAKU,Strong Buy
0,LAES,Strong Sell
0,IPXXU,Strong Buy
0,ATMU,Strong Buy
0,GAINL,Strong Buy
0,KNF,Strong Buy
0,LANDP,Strong Buy
0,AACT,Strong Buy
0,CALC,Strong Buy
0,CISS,Strong Buy
0,ESHA,Sell
0,LTRY,Strong Buy
0,CSWCZ,Strong Buy
0,CAVA,Strong Sell
0,BOF,Strong Sell
0,AZTR,Strong Buy
0,FTRE,Strong Sell
0,METCB,Strong Sell
0,GENK,Strong Sell
0,KGS,Strong Buy
0,FIHL,Strong Sell
0,INTS,Strong Sell
0,PHIN,Strong Sell
0,PWM,Strong Sell
0,ALCY,Strong Buy
0,APGE,Strong Sell
0,NETDU,Strong Buy
0,IPXX,Strong Buy
0,CSLR,Strong Sell
0,ODD,Strong Sell
0,AEON,Strong Sell
0,JNVR,Strong Sell
0,ELWS,Strong Sell
0,KVACU,Strong Buy
0,PRZO,Strong Buy
0,PXDT,Strong Sell
0,CTNT,Strong Sell
0,EICB,Strong Sell
0,LLYVK,Strong Buy
0,NRXS,Strong Sell
0,LQR,Strong Buy
0,HRYU,Strong Sell
0,INAQ,Strong Buy
0,DBD,Strong Sell
0,LLYVA,Strong Buy
0,MIRA,Strong Sell
0,FTEL,Strong Buy
0,GLADZ,Strong Buy
0,NNAGU,Buy
0,JTAIZ,Strong Sell
0,BEEP,Strong Buy
0,APOS,Strong Sell
0,NEWTI,Strong Sell
0,ABLV,Strong Buy
0,NETD,Strong Buy
0,IVP,Strong Buy
0,BUJA,Strong Buy
0,BOWN,Strong Buy
0,ICCT,Strong Sell
0,PODC,Strong Buy
0,NWGL,Strong Buy
0,REGCP,Strong Sell
0,EXTO,Strong Sell
0,REGCO,Strong Sell
0,NMRA,Strong Buy
0,ARM,Strong Sell
0,KVAC,Buy
0,HYAC,Strong Sell
0,CART,Strong Buy
0,CCG,Strong Sell
0,DTCK,Strong Buy
0,CCGWW,Strong Buy
0,MDBH,Strong Sell
0,KVYO,Strong Sell
0,FMST,Strong Buy
0,LRE,Strong Sell
0,PMTU,Strong Sell
0,ANL,Strong Sell
0,KLG,Strong Buy
0,NKGN,Strong Sell
0,MSS,Strong Buy
0,FBYD,Strong Buy
0,QETAU,Strong Sell
0,PMEC,Strong Sell
0,GMM,Strong Buy
0,GPAK,Strong Sell
0,LAC,Sell
0,NNAG,Strong Buy
0,LRHC,Strong Sell
0,BIRK,Strong Sell
0,ATPC,Strong Sell
0,BQ,Sell
